day,date,series_index,series_name,predicted,actual,absolute_error,smape_component
1,2022-11-06,0,AMAZONAS,11.09429525517308,13.0,1.9057047448269202,15.818721607288039
1,2022-11-06,1,ANTIOQUIA,16.74999653472453,42.0,25.25000346527547,85.9574636752576
1,2022-11-06,2,ARAUCA,23.858791637454406,27.0,3.141208362545594,12.352666122850964
1,2022-11-06,3,ATLANTICO,458.4020868481616,400.0,58.402086848161616,13.607163296305467
1,2022-11-06,4,BOGOTA,7.013183481537502,7.0,0.01318348153750204,0.18815826617658146
1,2022-11-06,5,BOLIVAR,152.95322120604845,147.0,5.953221206048454,3.9694330883407822
1,2022-11-06,6,BOYACA,3.2348730245478787,4.0,0.7651269754521213,21.15108234397619
1,2022-11-06,7,CALDAS,0.9714593292211475,1.0,0.028540670778852473,2.895385195709603
1,2022-11-06,8,CAQUETA,25.176503536535726,14.0,11.176503536535726,57.05717727521344
1,2022-11-06,9,CASANARE,10.636433190975499,27.0,16.3635668090245,86.95599142454431
1,2022-11-06,10,CAUCA,13.60763494596305,15.0,1.3923650540369508,9.734219949793044
1,2022-11-06,11,CESAR,60.92971706879183,73.0,12.070282931208169,18.02480165773571
1,2022-11-06,12,CHOCO,23.300467349996886,13.0,10.300467349996886,56.75115557429742
1,2022-11-06,13,CORDOBA,70.58726433140933,84.0,13.41273566859067,17.352963359046193
1,2022-11-06,14,CUNDINAMARCA,20.224464481873007,19.0,1.2244644818730066,6.243371314547197
1,2022-11-06,15,GUAINIA,2.6665914000986937,2.0,0.6665914000986937,28.568663632500407
1,2022-11-06,16,GUAJIRA,79.76381383941734,90.0,10.236186160582662,12.059326341790666
1,2022-11-06,17,GUAVIARE,27.795661135244405,18.0,9.795661135244405,42.77986556986575
1,2022-11-06,18,HUILA,8.537952465657042,17.0,8.462047534342958,66.27036796095975
1,2022-11-06,19,MAGDALENA,33.12214457119534,24.0,9.122144571195342,31.939082958714103
1,2022-11-06,20,META,102.09523984043567,96.0,6.095239840435667,6.153847861609739
1,2022-11-06,21,NARINO,11.18201848249138,13.0,1.8179815175086205,15.035812819553522
1,2022-11-06,22,NORTE SANTANDER,39.28643650235547,47.0,7.713563497644529,17.87897104183683
1,2022-11-06,23,PUTUMAYO,9.162073353673739,7.0,2.1620733536737387,26.754900888780906
1,2022-11-06,24,QUINDIO,5.199579309951627,3.0,2.199579309951627,53.65102834683365
1,2022-11-06,25,RISARALDA,0.0,3.0,3.0,200.0
1,2022-11-06,26,SAN ANDRES,1.5078017886050565,1.0,0.5078017886050565,40.4977610999725
1,2022-11-06,27,SANTANDER,44.121404656915175,59.0,14.878595343084825,28.856463684888507
1,2022-11-06,28,SUCRE,93.90030590365002,80.0,13.900305903650022,15.986522658967061
1,2022-11-06,29,TOLIMA,98.0883569741575,97.0,1.0883569741575059,1.1157579991323374
1,2022-11-06,30,VALLE,71.5066205007326,85.0,13.493379499267405,17.243206014028324
1,2022-11-06,31,VAUPES,2.0,1.0,1.0,66.66666666666667
1,2022-11-06,32,VICHADA,1.139777402986855,2.0,0.860222597013145,54.79513268646493
2,2022-11-13,0,AMAZONAS,11.956279896960709,8.0,3.9562798969607087,39.649472921686574
2,2022-11-13,1,ANTIOQUIA,27.322552193503682,39.0,11.677447806496318,35.21410868636665
2,2022-11-13,2,ARAUCA,30.071872901149437,25.0,5.071872901149437,18.41910446827596
2,2022-11-13,3,ATLANTICO,504.55233058584554,486.0,18.55233058584554,3.745855723719932
2,2022-11-13,4,BOGOTA,6.992565135378247,7.0,0.007434864621752801,0.10626878702825952
2,2022-11-13,5,BOLIVAR,163.84576040333582,256.0,92.15423959666418,43.8990926135035
2,2022-11-13,6,BOYACA,2.064408720329846,4.0,1.9355912796701542,63.83446000865445
2,2022-11-13,7,CALDAS,1.3375933309964516,3.0,1.6624066690035484,76.6511077524943
2,2022-11-13,8,CAQUETA,22.840521184422403,15.0,7.840521184422403,41.4398160438132
2,2022-11-13,9,CASANARE,17.118048231237466,37.0,19.881951768762534,73.47623359885502
2,2022-11-13,10,CAUCA,18.70444464894804,8.0,10.70444464894804,80.16976042502885
2,2022-11-13,11,CESAR,67.30422244319985,56.0,11.304222443199848,18.335499335243192
2,2022-11-13,12,CHOCO,30.727826869825996,14.0,16.727826869825996,74.79829913717904
2,2022-11-13,13,CORDOBA,69.99678346655824,80.0,10.003216533441758,13.337908056771063
2,2022-11-13,14,CUNDINAMARCA,24.241593043130933,20.0,4.241593043130933,19.174684957640757
2,2022-11-13,15,GUAINIA,2.141047068283992,1.0,1.1410470682839922,72.65392994619248
2,2022-11-13,16,GUAJIRA,90.37886360676274,89.0,1.3788636067627351,1.5373757855724879
2,2022-11-13,17,GUAVIARE,33.32738507254058,30.0,3.3273850725405794,10.508518767130868
2,2022-11-13,18,HUILA,17.11688240520074,13.0,4.116882405200741,27.339366338195855
2,2022-11-13,19,MAGDALENA,39.33047234339283,36.0,3.3304723433928274,8.842297784118276
2,2022-11-13,20,META,93.03522768679963,102.0,8.96477231320037,9.192977514397132
2,2022-11-13,21,NARINO,11.670621376212132,15.0,3.3293786237878678,24.96663708598393
2,2022-11-13,22,NORTE SANTANDER,33.25743951882212,44.0,10.742560481177883,27.8097761149868
2,2022-11-13,23,PUTUMAYO,10.259900418172156,15.0,4.7400995818278435,37.53062762209293
2,2022-11-13,24,QUINDIO,2.7053957221787,1.0,1.7053957221787002,92.04931672863059
2,2022-11-13,25,RISARALDA,0.4083805089190591,2.0,1.591619491080941,132.17342402387231
2,2022-11-13,26,SAN ANDRES,0.6941886759243925,1.0,0.3058113240756075,36.10121215203485
2,2022-11-13,27,SANTANDER,48.20118372507186,55.0,6.798816274928143,13.175849403123518
2,2022-11-13,28,SUCRE,105.95317891223976,84.0,21.953178912239764,23.114305365094573
2,2022-11-13,29,TOLIMA,86.0235574999519,97.0,10.976442500048094,11.994567967078204
2,2022-11-13,30,VALLE,84.35195401527497,95.0,10.64804598472503,11.873911319436377
2,2022-11-13,31,VAUPES,2.0,1.0,1.0,66.66666666666667
2,2022-11-13,32,VICHADA,2.898486390542225,1.0,1.898486390542225,97.39607634121673
3,2022-11-20,0,AMAZONAS,15.703304250296991,8.0,7.703304250296991,64.99772494968056
3,2022-11-20,1,ANTIOQUIA,26.097705766757997,36.0,9.902294233242003,31.892625052640437
3,2022-11-20,2,ARAUCA,26.285047684682006,29.0,2.714952315317994,9.821651347043096
3,2022-11-20,3,ATLANTICO,481.89412355353426,452.0,29.894123553534257,6.402036976051411
3,2022-11-20,4,BOGOTA,7.004192914579244,7.0,0.004192914579244089,0.059880845755545135
3,2022-11-20,5,BOLIVAR,171.67938517920737,232.0,60.32061482079263,29.88540759593864
3,2022-11-20,6,BOYACA,2.4982153420629896,3.0,0.5017846579370104,18.252637509419028
3,2022-11-20,7,CALDAS,2.138981670103445,3.0,0.861018329896555,33.50929756786711
3,2022-11-20,8,CAQUETA,21.963369725229878,21.0,0.9633697252298781,4.484609710043983
3,2022-11-20,9,CASANARE,17.666781643376005,27.0,9.333218356623995,41.79042238207951
3,2022-11-20,10,CAUCA,18.02803215508251,19.0,0.97196784491749,5.249902780934452
3,2022-11-20,11,CESAR,68.07607850549745,67.0,1.076078505497449,1.5932924873202534
3,2022-11-20,12,CHOCO,28.9187910587963,22.0,6.918791058796302,27.175786835972296
3,2022-11-20,13,CORDOBA,74.75582730608691,54.0,20.755827306086914,32.24060260471905
3,2022-11-20,14,CUNDINAMARCA,18.543359374198385,29.0,10.456640625801615,43.98780718670207
3,2022-11-20,15,GUAINIA,2.092292168480719,1.0,1.0922921684807192,70.64611679415633
3,2022-11-20,16,GUAJIRA,92.77274399988013,91.0,1.7727439998801344,1.9292784787294581
3,2022-11-20,17,GUAVIARE,27.780130431105032,31.0,3.2198695688949677,10.955639415155465
3,2022-11-20,18,HUILA,8.986225021678834,24.0,15.013774978321166,91.03057393474994
3,2022-11-20,19,MAGDALENA,42.574832102601356,41.0,1.5748321026013556,3.7686754803599234
3,2022-11-20,20,META,91.93013653352644,117.0,25.069863466473564,23.998322006026807
3,2022-11-20,21,NARINO,13.636252296603086,10.0,3.636252296603086,30.768433599142742
3,2022-11-20,22,NORTE SANTANDER,41.08161785498943,44.0,2.9183821450105683,6.860194290109931
3,2022-11-20,23,PUTUMAYO,6.926893975806925,15.0,8.073106024193075,73.6365673414625
3,2022-11-20,24,QUINDIO,3.90563809134386,3.0,0.9056380913438602,26.228947401082817
3,2022-11-20,25,RISARALDA,1.8721454532355963,2.0,0.12785454676440366,6.603809092841146
3,2022-11-20,26,SAN ANDRES,1.2452516174059562,1.0,0.24525161740595625,21.846247922030837
3,2022-11-20,27,SANTANDER,54.72313641867717,58.0,3.2768635813228286,5.814003558509721
3,2022-11-20,28,SUCRE,106.47734721514111,78.0,28.47734721514111,30.8735437115
3,2022-11-20,29,TOLIMA,86.01130239570858,110.0,23.988697604291417,24.47685139692906
3,2022-11-20,30,VALLE,80.06533738364783,80.0,0.06533738364782948,0.0816383918164962
3,2022-11-20,31,VAUPES,2.0,1.0,1.0,66.66666666666667
3,2022-11-20,32,VICHADA,2.0592602687179156,1.0,1.0592602687179156,69.2494378166676
4,2022-11-27,0,AMAZONAS,14.597028505785946,12.0,2.5970285057859464,19.52871167710322
4,2022-11-27,1,ANTIOQUIA,20.53966020079143,24.0,3.460339799208569,15.538240676326856
4,2022-11-27,2,ARAUCA,25.948965386753354,34.0,8.051034613246646,26.85962822312742
4,2022-11-27,3,ATLANTICO,507.1279738771536,496.0,11.127973877153579,2.2186548809207762
4,2022-11-27,4,BOGOTA,6.997635393034944,7.0,0.0023646069650560264,0.033785805940232255
4,2022-11-27,5,BOLIVAR,162.79444700505942,172.0,9.205552994940575,5.499226810533964
4,2022-11-27,6,BOYACA,2.9642394427786787,3.0,0.03576055722132132,1.1991657130606694
4,2022-11-27,7,CALDAS,3.8404064037071626,6.0,2.1595935962928374,43.892365979503786
4,2022-11-27,8,CAQUETA,26.83935951118481,24.0,2.83935951118481,11.169926366047717
4,2022-11-27,9,CASANARE,11.783260009998731,18.0,6.216739990001269,41.7465380748394
4,2022-11-27,10,CAUCA,19.13659506531328,12.0,7.13659506531328,45.84056188766493
4,2022-11-27,11,CESAR,64.29488779501425,53.0,11.294887795014247,19.258960057582918
4,2022-11-27,12,CHOCO,21.58506010868826,15.0,6.5850601086882605,35.9986294357594
4,2022-11-27,13,CORDOBA,68.03127285276426,63.0,5.0312728527642605,7.679499318331043
4,2022-11-27,14,CUNDINAMARCA,17.748152742396364,25.0,7.251847257603636,33.92823685881269
4,2022-11-27,15,GUAINIA,2.060390084434248,1.0,1.060390084434248,69.29770749340763
4,2022-11-27,16,GUAJIRA,86.94321323100158,103.0,16.05678676899842,16.906933915528512
4,2022-11-27,17,GUAVIARE,34.72014509650594,41.0,6.279854903494062,16.587012334670874
4,2022-11-27,18,HUILA,13.447092635090172,17.0,3.552907364909828,23.33823729898673
4,2022-11-27,19,MAGDALENA,40.81013649624299,47.0,6.18986350375701,14.098289219768716
4,2022-11-27,20,META,120.53075590778062,95.0,25.530755907780616,23.69105587761636
4,2022-11-27,21,NARINO,17.351027628109964,9.0,8.351027628109964,63.3829370601206
4,2022-11-27,22,NORTE SANTANDER,40.754336971385186,48.0,7.245663028614814,16.327456833914155
4,2022-11-27,23,PUTUMAYO,10.633775749984821,14.0,3.366224250015179,27.33015258545782
4,2022-11-27,24,QUINDIO,4.4764470738170274,3.0,1.4764470738170274,39.49595467578805
4,2022-11-27,25,RISARALDA,0.3234100634338155,2.0,1.6765899365661845,144.3214835773172
4,2022-11-27,26,SAN ANDRES,1.3172035427369302,1.0,0.3172035427369302,27.378133762239116
4,2022-11-27,27,SANTANDER,61.38410699972815,41.0,20.384106999728147,39.81888907773991
4,2022-11-27,28,SUCRE,107.23681888009675,84.0,23.23681888009675,24.30161620149723
4,2022-11-27,29,TOLIMA,89.2882820081143,107.0,17.711717991885706,18.04663814944748
4,2022-11-27,30,VALLE,81.43263500965458,72.0,9.432635009654575,12.295474178698733
4,2022-11-27,31,VAUPES,2.0,3.0,1.0,40.0
4,2022-11-27,32,VICHADA,2.161811601872082,1.0,1.161811601872082,73.49024851349037
5,2022-12-04,0,AMAZONAS,10.775671421088619,10.0,0.7756714210886191,7.467112906890351
5,2022-12-04,1,ANTIOQUIA,10.927518876013735,26.0,15.072481123986265,81.63278542808676
5,2022-12-04,2,ARAUCA,18.03146454438193,28.0,9.96853545561807,43.31183269655371
5,2022-12-04,3,ATLANTICO,577.2932111532676,532.0,45.293211153267634,8.166138708480677
5,2022-12-04,4,BOGOTA,7.009448102480876,7.0,0.00944810248087613,0.1348818656061548
5,2022-12-04,5,BOLIVAR,157.83772864722286,197.0,39.16227135277714,22.07334124366013
5,2022-12-04,6,BOYACA,3.341562752449329,3.0,0.3415627524493292,10.772194986713833
5,2022-12-04,7,CALDAS,1.9851746871588087,4.0,2.0148253128411913,67.32720156569526
5,2022-12-04,8,CAQUETA,28.4104660973408,20.0,8.410466097340802,34.746478500866125
5,2022-12-04,9,CASANARE,10.617377863166567,25.0,14.382622136833433,80.76182470303132
5,2022-12-04,10,CAUCA,12.541673515622799,10.0,2.541673515622799,22.550885708297205
5,2022-12-04,11,CESAR,62.911758624413274,49.0,13.911758624413274,24.862014135802273
5,2022-12-04,12,CHOCO,26.010919770310394,22.0,4.0109197703103945,16.70836463662468
5,2022-12-04,13,CORDOBA,70.74138588876355,75.0,4.258614111236454,5.84406973388715
5,2022-12-04,14,CUNDINAMARCA,22.536545229222273,31.0,8.463454770777727,31.617485717618003
5,2022-12-04,15,GUAINIA,2.4054515308292097,1.0,1.4054515308292097,82.54127349080134
5,2022-12-04,16,GUAJIRA,85.70486846426547,129.0,43.29513153573453,40.329902014253
5,2022-12-04,17,GUAVIARE,25.39747422284262,31.0,5.602525777157378,19.868002439329782
5,2022-12-04,18,HUILA,7.387776860331684,25.0,17.612223139668316,108.75845672037862
5,2022-12-04,19,MAGDALENA,34.22529214869827,47.0,12.774707851301727,31.45500007045886
5,2022-12-04,20,META,103.81851160012407,98.0,5.818511600124069,5.766083154604428
5,2022-12-04,21,NARINO,12.708648167133418,10.0,2.7086481671334184,23.855653116804085
5,2022-12-04,22,NORTE SANTANDER,39.37552351414946,50.0,10.624476485850543,23.774913014453077
5,2022-12-04,23,PUTUMAYO,8.974216036996177,12.0,3.025783963003823,28.852415343359464
5,2022-12-04,24,QUINDIO,5.839137375550489,4.0,1.8391373755504894,37.38411824842707
5,2022-12-04,25,RISARALDA,0.0,2.0,2.0,200.0
5,2022-12-04,26,SAN ANDRES,1.6486857684364375,1.0,0.6486857684364375,48.98170829976312
5,2022-12-04,27,SANTANDER,45.38282469014004,46.0,0.6171753098599595,1.3507468431900005
5,2022-12-04,28,SUCRE,88.15598471094518,90.0,1.8440152890548234,2.070113212359051
5,2022-12-04,29,TOLIMA,104.66091587106739,113.0,8.339084128932612,7.662454323101637
5,2022-12-04,30,VALLE,73.44899669899999,85.0,11.551003301000009,14.580090176201047
5,2022-12-04,31,VAUPES,2.0,3.0,1.0,40.0
5,2022-12-04,32,VICHADA,1.827906597531302,1.0,0.827906597531302,58.55261261132497
6,2022-12-11,0,AMAZONAS,11.987496691137196,10.0,1.9874966911371956,18.078426289776985
6,2022-12-11,1,ANTIOQUIA,23.5881756890724,24.0,0.4118243109275994,1.7307841915115312
6,2022-12-11,2,ARAUCA,30.284901229849034,22.0,8.284901229849034,31.691371829996875
6,2022-12-11,3,ATLANTICO,635.883244551353,538.0,97.88324455135296,16.67682795638897
6,2022-12-11,4,BOGOTA,6.99467171378987,7.0,0.005328286210129818,0.07614735549501325
6,2022-12-11,5,BOLIVAR,167.47891818245645,176.0,8.521081817543546,4.961633082247648
6,2022-12-11,6,BOYACA,2.1928343499705214,6.0,3.8071656500294786,92.93891435857425
6,2022-12-11,7,CALDAS,1.7815748083533975,4.0,2.2184251916466025,76.74120858702211
6,2022-12-11,8,CAQUETA,25.522100256252614,18.0,7.522100256252614,34.56680726326827
6,2022-12-11,9,CASANARE,19.4489440365783,16.0,3.4489440365783004,19.458655992796164
6,2022-12-11,10,CAUCA,19.239704337553466,18.0,1.2397043375534658,6.657970892122881
6,2022-12-11,11,CESAR,65.9788596875624,60.0,5.978859687562405,9.491846016689552
6,2022-12-11,12,CHOCO,32.11746710632601,23.0,9.11746710632601,33.0837666714172
6,2022-12-11,13,CORDOBA,70.37868499671455,55.0,15.378684996714554,24.531578070255787
6,2022-12-11,14,CUNDINAMARCA,24.956797876981103,37.0,12.043202123018897,38.876128320677225
6,2022-12-11,15,GUAINIA,2.1032864182363356,1.0,1.1032864182363356,71.1043886734346
6,2022-12-11,16,GUAJIRA,93.92644367073504,148.0,54.07355632926496,44.70247692547389
6,2022-12-11,17,GUAVIARE,32.245929567812674,27.0,5.245929567812674,17.708995727067467
6,2022-12-11,18,HUILA,14.949129288187137,29.0,14.050870711812863,63.941520295782176
6,2022-12-11,19,MAGDALENA,38.72210323372002,33.0,5.72210323372002,15.95631744114772
6,2022-12-11,20,META,96.60767875225751,111.0,14.392321247742487,13.86492188944238
6,2022-12-11,21,NARINO,10.682623282825123,5.0,5.682623282825123,72.4703154611699
6,2022-12-11,22,NORTE SANTANDER,34.02278200221585,28.0,6.022782002215848,19.421192690133363
6,2022-12-11,23,PUTUMAYO,10.307003612360722,14.0,3.692996387639278,30.386274232182995
6,2022-12-11,24,QUINDIO,3.0987576020037437,3.0,0.09875760200374373,3.2386137783635465
6,2022-12-11,25,RISARALDA,0.0,2.0,2.0,200.0
6,2022-12-11,26,SAN ANDRES,0.7817223471483721,1.0,0.21827765285162792,24.50187069842605
6,2022-12-11,27,SANTANDER,49.268067734735624,40.0,9.268067734735624,20.76457566500965
6,2022-12-11,28,SUCRE,114.8845841941213,102.0,12.884584194121302,11.881512226419034
6,2022-12-11,29,TOLIMA,93.22150554475161,84.0,9.221505544751608,10.406756805734293
6,2022-12-11,30,VALLE,85.6114698442704,63.0,22.611469844270403,30.430315867227353
6,2022-12-11,31,VAUPES,2.0,2.0,0.0,0.0
6,2022-12-11,32,VICHADA,2.2499161929890463,2.0,0.24991619298904633,11.760993941542907
7,2022-12-18,0,AMAZONAS,18.244687109648332,11.0,7.244687109648332,49.54532139451876
7,2022-12-18,1,ANTIOQUIA,21.89532930548272,28.0,6.1046706945172815,24.469908424259955
7,2022-12-18,2,ARAUCA,26.000924750739003,27.0,0.9990752492609971,3.770029500276094
7,2022-12-18,3,ATLANTICO,610.3027665240527,506.0,104.30276652405269,18.68718230428309
7,2022-12-18,4,BOGOTA,7.003004903259095,7.0,0.00300490325909486,0.04291797767485593
7,2022-12-18,5,BOLIVAR,177.82282443327506,169.0,8.82282443327506,5.0877991941228045
7,2022-12-18,6,BOYACA,2.8354746686785806,5.0,2.1645253313214194,55.249373467413875
7,2022-12-18,7,CALDAS,1.258377126285902,1.0,0.25837712628590204,22.881663410293722
7,2022-12-18,8,CAQUETA,26.33124160031377,19.0,7.331241600313771,32.34520538816667
7,2022-12-18,9,CASANARE,13.69812271267152,13.0,0.6981227126715197,5.2297513213554545
7,2022-12-18,10,CAUCA,17.170222386933204,7.0,10.170222386933204,84.15497568968487
7,2022-12-18,11,CESAR,64.8577867852047,52.0,12.857786785204695,22.005870792056815
7,2022-12-18,12,CHOCO,33.09724380782857,12.0,21.09724380782857,93.56334013550617
7,2022-12-18,13,CORDOBA,76.44869736864122,61.0,15.44869736864122,22.479219758929233
7,2022-12-18,14,CUNDINAMARCA,19.93479999472811,52.0,32.06520000527189,89.15073096087528
7,2022-12-18,15,GUAINIA,2.0675840173752817,1.0,1.0675840173752817,69.60422347543323
7,2022-12-18,16,GUAJIRA,96.84329361047813,138.0,41.15670638952187,35.050356990637574
7,2022-12-18,17,GUAVIARE,27.805031729832585,22.0,5.805031729832585,23.311025124216293
7,2022-12-18,18,HUILA,7.484483009604702,25.0,17.515516990395298,107.83928428361614
7,2022-12-18,19,MAGDALENA,46.063992729882834,45.0,1.063992729882834,2.336802281531595
7,2022-12-18,20,META,94.05929893257789,89.0,5.059298932577889,5.527497332371262
7,2022-12-18,21,NARINO,12.734583339437625,1.0,11.734583339437625,170.87643723043013
7,2022-12-18,22,NORTE SANTANDER,35.34822022540531,48.0,12.651779774594687,30.358848072291064
7,2022-12-18,23,PUTUMAYO,7.453742338162405,7.0,0.45374233816240483,6.278544719375314
7,2022-12-18,24,QUINDIO,4.16104889885062,1.0,3.16104889885062,122.49637470222747
7,2022-12-18,25,RISARALDA,0.7313669732221548,1.0,0.2686330267778452,31.031321601093794
7,2022-12-18,26,SAN ANDRES,1.110188702755964,1.0,0.11018870275596404,10.4434928129465
7,2022-12-18,27,SANTANDER,58.76286849192691,58.0,0.7628684919269091,1.3066970720741662
7,2022-12-18,28,SUCRE,117.99744777147595,101.0,16.997447771475947,15.522964257750438
7,2022-12-18,29,TOLIMA,87.24480449235344,112.0,24.75519550764656,24.849024867392828
7,2022-12-18,30,VALLE,83.24798276293845,55.0,28.24798276293845,40.865670801688076
7,2022-12-18,31,VAUPES,2.0,2.0,0.0,0.0
7,2022-12-18,32,VICHADA,1.3780887896940235,7.0,5.621911210305976,134.2050997889053
8,2022-12-25,0,AMAZONAS,16.23935874661794,8.0,8.239358746617938,67.98330626438339
8,2022-12-25,1,ANTIOQUIA,15.916327029918179,30.0,14.083672970081821,61.34494582245298
8,2022-12-25,2,ARAUCA,28.435120853500656,15.0,13.435120853500656,61.862937592898874
8,2022-12-25,3,ATLANTICO,641.9244321329704,449.0,192.92443213297042,35.36898183786488
8,2022-12-25,4,BOGOTA,6.998305375642293,7.0,0.0016946243577073972,0.024211850109458578
8,2022-12-25,5,BOLIVAR,164.30793395951628,166.0,1.6920660404837236,1.024538539053748
8,2022-12-25,6,BOYACA,3.506224415943832,5.0,1.4937755840561682,35.121941557438255
8,2022-12-25,7,CALDAS,3.1821999486351142,3.0,0.18219994863511424,5.894340207334761
8,2022-12-25,8,CAQUETA,29.79264237604657,24.0,5.792642376046569,21.536931893221087
8,2022-12-25,9,CASANARE,10.127672711632119,12.0,1.872327288367881,16.922948136191767
8,2022-12-25,10,CAUCA,20.94462276988766,16.0,4.944622769887658,26.767753460012898
8,2022-12-25,11,CESAR,65.2433506142698,32.0,33.2433506142698,68.37146273606818
8,2022-12-25,12,CHOCO,22.41064676832064,12.0,10.410646768320639,60.50828883521573
8,2022-12-25,13,CORDOBA,66.47643859204756,78.0,11.523561407952442,15.95216703879457
8,2022-12-25,14,CUNDINAMARCA,18.453444887532832,39.0,20.546555112467168,71.52418850666929
8,2022-12-25,15,GUAINIA,2.0442226527221714,1.0,1.0442226527221714,68.6035662856932
8,2022-12-25,16,GUAJIRA,92.28826830911424,116.0,23.711731690885756,22.76818745806259
8,2022-12-25,17,GUAVIARE,38.88726601244756,16.0,22.88726601244756,83.3973621759812
8,2022-12-25,18,HUILA,13.24039414052693,27.0,13.75960585947307,68.38703324536023
8,2022-12-25,19,MAGDALENA,42.378772986182966,32.0,10.378772986182966,27.907889763416744
8,2022-12-25,20,META,126.6239076518087,97.0,29.623907651808693,26.49440121396528
8,2022-12-25,21,NARINO,15.673082305511738,6.0,9.673082305511738,89.26355900057419
8,2022-12-25,22,NORTE SANTANDER,39.653536652455806,49.0,9.346463347544194,21.085370534476663
8,2022-12-25,23,PUTUMAYO,11.15451463751562,12.0,0.8454853624843803,7.302984974813511
8,2022-12-25,24,QUINDIO,4.805240159866116,2.0,2.8052401598661163,82.44353157174413
8,2022-12-25,25,RISARALDA,0.0,1.0,1.0,200.0
8,2022-12-25,26,SAN ANDRES,1.1615455235894452,1.0,0.16154552358944518,14.947223810598631
8,2022-12-25,27,SANTANDER,64.58777249104978,61.0,3.587772491049776,5.713569752669138
8,2022-12-25,28,SUCRE,107.24400175483193,110.0,2.7559982451680725,2.537237597269379
8,2022-12-25,29,TOLIMA,91.35425432667326,119.0,27.645745673326743,26.28494086018703
8,2022-12-25,30,VALLE,85.25988154678933,61.0,24.25988154678933,33.17366497254883
8,2022-12-25,31,VAUPES,2.0,3.0,1.0,40.0
8,2022-12-25,32,VICHADA,1.973540687927406,7.0,5.026459312072594,112.02845090645133
