time,England,Northern Ireland,Scotland,Wales
2020-02-03,1,0,0,0
2020-02-04,0,0,0,0
2020-02-05,1,0,0,0
2020-02-06,0,0,0,0
2020-02-07,0,0,0,0
2020-02-08,4,0,0,0
2020-02-09,1,0,0,0
2020-02-10,0,0,0,0
2020-02-11,1,0,0,0
2020-02-12,0,0,0,0
2020-02-13,0,0,0,0
2020-02-14,0,0,0,0
2020-02-15,0,0,0,0
2020-02-16,0,0,0,0
2020-02-17,0,0,0,0
2020-02-18,0,0,0,0
2020-02-19,0,0,0,0
2020-02-20,0,0,0,0
2020-02-21,1,0,0,0
2020-02-22,0,0,0,0
2020-02-23,0,0,0,0
2020-02-24,2,0,0,0
2020-02-25,5,0,0,0
2020-02-26,4,0,0,0
2020-02-27,7,0,0,1
2020-02-28,11,0,0,0
2020-02-29,4,0,0,0
2020-03-01,20,0,0,0
2020-03-02,37,0,0,0
2020-03-03,51,0,0,0
2020-03-04,48,0,0,1
2020-03-05,46,0,0,0
2020-03-06,69,0,0,0
2020-03-07,45,0,0,1
2020-03-08,50,0,0,1
2020-03-09,121,0,5,3
2020-03-10,217,0,8,12
2020-03-11,343,0,6,15
2020-03-12,406,0,28,25
2020-03-13,377,0,22,28
2020-03-14,309,0,53,16
2020-03-15,383,0,31,31
2020-03-16,533,0,14,37
2020-03-17,662,0,23,37
2020-03-18,887,0,27,35
2020-03-19,898,0,49,60
2020-03-20,1035,0,56,72
2020-03-21,1009,0,51,75
2020-03-22,1185,0,43,76
2020-03-23,1964,0,83,130
2020-03-24,1978,0,85,135
2020-03-25,2194,0,135,183
2020-03-26,2518,234,175,173
2020-03-27,2531,34,165,185
2020-03-28,2325,0,205,166
2020-03-29,2390,0,153,156
2020-03-30,3417,243,215,334
2020-03-31,3641,46,361,271
2020-04-01,3973,93,312,320
2020-04-02,3915,77,292,333
2020-04-03,3910,111,399,324
2020-04-04,3261,0,342,281
2020-04-05,2994,0,360,221
2020-04-06,4167,237,255,379
2020-04-07,4365,85,268,376
2020-04-08,4099,74,335,383
2020-04-09,3893,126,392,391
2020-04-10,3426,207,317,304
2020-04-11,2914,0,325,244
2020-04-12,2836,0,322,244
2020-04-13,3282,0,155,268
2020-04-14,3367,0,291,312
2020-04-15,3934,487,390,356
2020-04-16,4057,121,354,359
2020-04-17,3818,0,307,322
2020-04-18,3765,0,411,244
2020-04-19,3214,0,367,178
2020-04-20,3445,0,263,275
2020-04-21,3770,0,222,253
2020-04-22,4646,0,366,251
2020-04-23,4426,0,371,199
2020-04-24,4163,0,288,207
2020-04-25,3234,0,354,135
2020-04-26,2991,0,273,120
2020-04-27,3957,0,197,170
2020-04-28,3910,0,200,151
2020-04-29,4630,0,313,172
2020-04-30,4224,0,319,199
2020-05-01,4020,0,301,173
2020-05-02,2665,0,273,177
2020-05-03,2533,1280,170,105
2020-05-04,2773,70,169,137
2020-05-05,3070,43,171,171
2020-05-06,3190,51,272,170
2020-05-07,3112,44,215,174
2020-05-08,2571,38,225,113
2020-05-09,1763,53,156,136
2020-05-10,1986,39,181,105
2020-05-11,3025,26,141,176
2020-05-12,2870,41,136,149
2020-05-13,2807,54,167,148
2020-05-14,2165,37,188,131
2020-05-15,2085,23,143,178
2020-05-16,1757,39,187,165
2020-05-17,1572,0,90,117
2020-05-18,2173,41,57,164
2020-05-19,2539,18,61,208
2020-05-20,2319,15,96,166
2020-05-21,2239,40,105,132
2020-05-22,1775,21,113,137
2020-05-23,1285,38,72,123
2020-05-24,1184,25,60,81
2020-05-25,1364,39,55,105
2020-05-26,1431,27,29,102
2020-05-27,1594,30,55,118
2020-05-28,1547,23,48,102
2020-05-29,1352,61,39,107
2020-05-30,987,13,55,69
2020-05-31,978,6,18,46
2020-06-01,1287,12,18,64
2020-06-02,1335,4,53,71
2020-06-03,1207,9,33,75
2020-06-04,1122,0,50,59
2020-06-05,995,35,29,55
2020-06-06,705,13,21,53
2020-06-07,657,6,18,34
2020-06-08,980,6,18,73
2020-06-09,1047,3,14,62
2020-06-10,1076,12,12,66
2020-06-11,910,4,17,66
2020-06-12,931,16,27,75
2020-06-13,779,3,21,69
2020-06-14,744,6,25,54
2020-06-15,926,3,2275,64
2020-06-16,975,2,15,81
2020-06-17,892,8,21,65
2020-06-18,926,2,11,58
2020-06-19,805,3,27,126
2020-06-20,623,1,26,46
2020-06-21,547,5,26,71
2020-06-22,805,1,14,60
2020-06-23,718,0,12,114
2020-06-24,721,2,9,32
2020-06-25,631,1,10,56
2020-06-26,633,2,18,19
2020-06-27,498,1,15,139
2020-06-28,408,1,8,28
2020-06-29,655,2,5,42
2020-06-30,568,0,10,35
2020-07-01,597,0,8,27
2020-07-02,542,0,5,28
2020-07-03,529,0,12,18
2020-07-04,381,0,11,8
2020-07-05,534,0,9,12
2020-07-06,635,0,4,35
2020-07-07,545,0,2,27
2020-07-08,656,0,7,14
2020-07-09,671,0,6,22
2020-07-10,509,0,18,29
2020-07-11,401,0,7,12
2020-07-12,343,0,19,10
2020-07-13,663,0,6,23
2020-07-14,629,0,3,23
2020-07-15,709,0,5,18
2020-07-16,627,0,11,24
2020-07-17,532,0,17,17
2020-07-18,462,0,21,11
2020-07-19,387,0,24,10
2020-07-20,735,0,7,43
2020-07-21,675,0,22,61
2020-07-22,729,0,10,24
2020-07-23,714,0,16,31
2020-07-24,678,0,21,30
2020-07-25,486,0,27,23
2020-07-26,504,0,4,34
2020-07-27,779,0,3,22
2020-07-28,695,0,4,21
2020-07-29,643,0,22,12
2020-07-30,393,0,17,5
2020-07-31,45,0,30,0
2020-08-01,0,0,18,0
