time,AMAZONAS,ANTIOQUIA,ARAUCA,ATLANTICO,BOGOTA,BOLIVAR,BOYACA,CALDAS,CAQUETA,CASANARE,CAUCA,CESAR,CHOCO,CORDOBA,CUNDINAMARCA,GUAINIA,GUAJIRA,GUAVIARE,HUILA,MAGDALENA,META,NARINO,NORTE SANTANDER,PUTUMAYO,QUINDIO,RISARALDA,SAN ANDRES,SANTANDER,SUCRE,TOLIMA,VALLE,VAUPES,VICHADA
2006-12-31,0,1,7,79,0,31,4,7,3,24,1,28,0,5,5,0,4,8,77,8,17,0,111,5,26,18,0,112,21,34,25,0,0
2007-01-07,0,2,6,28,0,6,2,9,5,14,2,10,0,4,9,0,1,1,46,8,12,0,81,4,31,8,3,93,21,22,11,0,1
2007-01-14,0,1,4,23,0,9,2,6,2,16,3,14,0,7,13,0,3,1,69,6,28,2,85,1,35,10,3,88,24,30,7,0,1
2007-01-21,0,1,7,42,0,9,3,8,6,15,5,23,2,8,5,0,4,2,65,4,36,1,93,9,36,15,3,112,19,43,7,0,2
2007-01-28,0,2,5,50,0,8,2,4,12,12,19,31,1,4,10,0,16,12,54,16,25,1,128,4,41,13,2,74,9,31,5,0,2
2007-02-04,0,2,15,45,0,8,3,9,20,9,10,46,3,3,2,0,9,24,73,13,21,2,136,6,63,11,2,121,16,50,5,0,2
2007-02-11,0,2,9,33,0,5,7,20,8,15,20,30,2,1,3,0,12,16,83,11,35,2,98,3,52,22,2,129,14,25,6,0,2
2007-02-18,0,2,15,15,0,6,7,9,10,13,9,13,2,8,6,0,9,4,96,5,46,2,86,11,64,19,1,116,15,31,7,0,2
2007-02-25,2,1,22,44,0,4,3,11,13,23,21,32,2,7,4,0,6,5,74,5,50,1,102,6,53,21,1,91,12,34,10,0,2
2007-03-04,1,1,18,36,0,10,2,22,14,25,17,31,1,13,2,0,17,4,79,8,35,1,77,11,56,19,1,59,16,18,17,0,1
2007-03-11,1,2,33,27,0,3,5,15,12,52,9,22,1,5,3,0,6,14,44,4,36,2,75,12,57,22,1,102,7,41,12,0,1
2007-03-18,1,1,16,19,0,7,2,17,8,46,5,30,1,14,6,0,7,5,63,7,49,2,63,15,36,7,1,153,9,26,16,0,2
2007-03-25,1,2,19,11,0,2,4,20,10,54,7,16,1,5,3,1,4,8,61,1,60,3,80,8,39,10,1,150,6,35,8,0,2
2007-04-01,1,2,14,17,0,3,4,20,12,30,9,16,1,3,9,1,6,10,47,4,48,1,60,22,30,11,1,147,5,35,24,0,2
2007-04-08,1,2,27,27,0,4,13,20,6,35,10,14,1,5,6,1,9,10,80,2,75,1,58,22,42,22,1,200,11,26,4,0,2
2007-04-15,1,2,23,14,0,16,11,26,7,47,2,23,1,6,13,1,15,12,74,7,61,2,77,19,43,25,1,211,14,38,16,0,1
2007-04-22,1,2,25,21,0,7,19,17,11,74,3,16,1,8,6,1,9,6,67,4,59,2,58,12,40,18,1,243,5,25,16,0,1
2007-04-29,1,2,21,24,0,6,14,17,24,93,2,28,1,5,5,1,23,8,69,9,76,2,73,25,33,21,1,264,10,18,32,0,1
2007-05-06,1,2,35,17,0,18,14,12,12,92,3,36,1,5,3,1,24,6,74,3,91,1,58,21,40,19,1,286,8,24,17,0,1
2007-05-13,1,3,51,27,0,17,27,8,12,129,6,40,2,7,10,1,25,9,98,11,102,1,65,13,47,9,1,315,10,35,53,0,21
2007-05-20,1,5,39,20,0,14,22,13,8,119,3,43,3,16,5,2,37,8,56,5,102,1,47,12,34,13,1,310,13,35,16,0,5
2007-05-27,1,2,34,16,0,8,13,7,13,85,7,42,2,18,13,2,19,7,97,8,80,1,59,6,30,29,1,365,20,32,37,0,6
2007-06-03,1,2,25,53,0,14,21,7,5,76,2,59,1,9,9,2,24,12,98,11,97,1,35,7,33,32,1,323,23,23,29,0,12
2007-06-10,1,1,27,35,0,15,13,6,10,80,6,25,2,12,4,1,13,4,80,8,98,1,74,6,35,27,1,351,23,36,20,0,7
2007-06-17,1,3,38,56,0,19,7,10,4,64,6,40,2,11,5,1,15,4,93,15,139,1,72,5,47,17,1,433,25,39,18,0,3
2007-06-24,1,1,33,79,0,17,10,7,1,55,4,31,2,13,3,2,11,8,67,18,123,1,82,1,27,17,3,341,30,49,6,0,4
2007-07-01,1,2,28,77,0,21,8,6,3,41,2,56,1,14,11,3,19,1,76,15,115,1,67,7,47,23,3,264,33,46,16,0,3
2007-07-08,1,1,28,127,0,23,19,8,3,52,1,39,1,5,17,3,19,3,61,31,99,1,81,8,57,4,2,317,30,47,15,0,4
2007-07-15,1,5,33,82,0,15,10,5,3,55,4,37,1,8,14,1,6,1,63,26,79,1,120,14,68,37,2,448,24,38,9,0,6
2007-07-22,1,4,26,120,0,9,5,8,3,41,6,28,1,14,11,1,15,2,95,21,69,1,96,8,48,10,3,387,30,63,9,0,13
2007-07-29,1,3,34,99,0,17,1,8,4,42,7,29,1,25,9,2,11,2,66,30,71,1,91,2,51,9,4,250,32,50,11,0,8
2007-08-05,1,1,28,56,0,14,4,6,7,37,6,22,2,13,4,2,3,3,62,22,68,1,82,2,30,14,5,343,29,37,4,0,3
2007-08-12,1,1,16,79,0,18,1,2,7,30,7,23,2,14,11,3,1,1,59,42,39,1,75,2,55,29,2,317,25,29,4,0,3
2007-08-19,1,1,7,48,0,13,3,4,2,28,3,28,2,6,11,2,8,2,43,23,56,1,57,2,40,27,1,279,16,32,20,0,3
2007-08-26,1,1,13,82,0,12,4,1,4,17,5,20,2,5,6,2,15,1,46,29,53,3,66,4,30,33,5,272,29,29,5,0,23
2007-09-02,1,1,18,87,0,8,3,8,2,36,9,15,2,8,3,1,7,2,42,18,48,2,85,1,36,21,4,247,31,33,16,0,1
2007-09-09,1,1,11,87,0,12,5,2,3,14,5,23,3,11,6,5,4,7,13,41,47,1,83,1,33,18,3,258,25,40,13,0,4
2007-09-16,1,1,12,89,0,15,8,6,3,24,4,32,3,4,3,1,9,8,57,35,29,1,77,4,54,22,3,220,28,64,5,0,2
2007-09-23,1,1,28,99,0,23,4,8,1,15,3,20,1,16,2,1,5,4,61,49,42,1,103,2,52,28,2,200,24,38,11,0,1
2007-09-30,1,2,11,105,0,13,3,5,2,21,2,31,1,5,3,1,13,1,39,44,33,1,103,1,46,24,2,156,35,50,4,0,1
2007-10-07,1,2,18,90,0,12,2,3,1,16,3,15,1,10,8,1,5,5,47,41,47,1,99,1,38,21,2,165,31,36,1,0,1
2007-10-14,1,2,18,101,0,23,1,2,1,22,4,11,1,9,1,1,18,1,38,31,30,2,111,1,28,24,1,134,37,32,6,1,4
2007-10-21,1,2,10,97,0,15,10,6,1,21,3,34,1,6,5,1,9,5,42,29,39,2,109,1,34,32,1,196,38,33,7,1,5
2007-10-28,1,2,6,88,0,23,4,4,3,24,1,12,1,2,4,1,14,4,40,32,26,2,88,1,25,13,1,171,34,34,9,1,3
2007-11-04,1,2,6,109,0,17,3,2,3,16,1,25,1,8,7,1,2,4,30,48,32,2,98,2,38,10,1,157,28,44,5,1,2
2007-11-11,1,1,6,121,0,29,1,2,4,9,1,16,1,6,2,1,14,11,28,33,45,2,88,4,27,14,1,169,24,37,9,1,2
2007-11-18,1,1,7,172,0,32,2,3,4,9,1,9,1,3,17,1,22,3,40,33,47,2,111,4,28,15,1,181,26,52,10,1,2
2007-11-25,1,2,4,120,0,34,4,4,5,13,1,24,1,5,6,1,29,3,17,36,40,2,129,5,26,8,1,159,40,18,2,1,3
2007-12-02,1,2,8,93,0,42,4,6,3,10,2,27,1,11,6,1,19,3,26,39,38,2,82,3,20,12,1,144,35,37,9,1,2
2007-12-09,1,2,6,63,0,4,3,3,14,7,3,19,1,6,4,1,26,2,31,47,32,2,85,4,17,8,1,137,28,33,16,1,1
2007-12-16,1,2,4,70,0,12,3,2,14,5,2,11,1,3,3,1,15,1,33,20,18,1,60,6,12,9,2,62,23,30,9,1,1
2007-12-23,1,6,5,101,0,6,1,3,14,2,2,13,2,4,12,5,9,4,39,32,10,1,36,8,42,12,3,94,20,40,23,1,2
2007-12-30,1,56,15,96,0,20,2,2,14,35,3,21,2,17,19,9,14,2,44,13,32,1,69,7,21,13,1,94,12,28,45,1,2
2008-01-06,1,74,20,115,0,21,6,2,8,48,9,19,2,18,36,10,13,7,57,15,33,1,99,13,21,10,1,104,18,53,39,1,1
2008-01-13,1,55,24,114,0,30,6,2,4,46,5,24,2,18,15,14,15,7,63,11,45,1,82,12,22,12,1,110,22,39,60,1,4
2008-01-20,1,64,16,107,0,37,3,3,6,31,7,26,2,19,16,9,15,4,69,12,25,1,96,7,22,13,1,111,24,52,41,1,2
2008-01-27,1,54,20,111,0,31,2,2,7,32,6,22,2,18,23,10,17,3,61,14,32,2,85,12,21,16,1,102,22,43,51,1,3
2008-02-03,1,51,14,104,0,33,3,2,5,38,6,18,2,16,23,14,11,3,54,8,33,2,87,11,22,11,2,111,25,34,50,1,3
2008-02-10,1,59,13,119,0,28,3,3,9,35,11,22,2,14,14,22,19,9,63,9,29,2,75,16,31,11,2,113,19,37,57,1,2
2008-02-17,1,67,21,106,0,35,3,5,10,40,10,21,3,19,23,7,13,4,52,11,38,1,72,11,20,12,2,102,25,43,54,1,4
2008-02-24,1,53,19,104,0,33,4,3,4,36,2,25,3,9,18,10,8,4,48,6,37,1,75,7,20,8,2,106,26,30,44,1,6
2008-03-02,1,49,10,109,0,31,1,3,5,24,6,22,3,17,20,12,5,2,44,10,32,1,84,9,21,6,2,98,28,32,40,1,7
2008-03-09,1,46,14,80,0,24,2,2,8,27,5,12,1,15,14,9,11,6,28,7,28,2,53,10,20,3,2,84,24,30,31,1,3
2008-03-16,1,47,18,80,0,23,3,1,8,25,8,17,1,8,10,12,10,4,35,8,31,2,67,6,24,4,2,68,17,22,33,1,1
2008-03-23,1,44,14,100,1,24,2,1,4,21,6,21,1,10,17,4,12,2,47,11,32,2,72,11,18,6,2,83,14,27,46,1,1
2008-03-30,1,53,19,90,1,36,1,1,8,43,11,23,1,10,16,6,12,3,47,9,37,1,71,14,16,5,3,111,21,32,40,1,4
2008-04-06,1,47,18,103,1,17,5,1,5,44,6,23,1,14,23,10,12,4,34,12,31,1,72,6,25,5,1,100,18,32,46,1,4
2008-04-13,1,48,21,89,1,22,2,2,1,42,5,17,1,14,11,5,13,8,36,14,29,1,69,10,18,11,1,85,19,25,51,1,5
2008-04-20,1,35,16,116,1,20,4,3,5,34,4,21,1,21,18,3,12,5,45,13,20,1,58,1,17,8,2,105,17,33,38,1,2
2008-04-27,1,46,17,76,1,20,2,2,6,23,2,9,1,15,13,13,18,3,56,10,30,1,61,7,19,6,2,82,14,33,31,1,4
2008-05-04,1,54,15,107,1,18,4,2,6,35,8,20,2,11,16,7,11,4,45,9,45,1,75,10,23,10,2,93,22,24,42,1,1
2008-05-11,1,50,18,101,1,20,2,1,8,47,5,14,2,21,16,5,13,3,45,15,27,1,83,12,9,10,2,89,13,36,38,1,1
2008-05-18,1,43,17,93,1,33,4,5,3,27,6,21,2,15,21,9,17,4,38,12,31,1,71,10,23,8,2,82,11,32,37,1,5
2008-05-25,1,49,8,71,1,31,2,2,5,40,5,11,2,11,17,7,8,4,37,8,31,1,64,3,17,5,2,87,19,25,42,1,3
2008-06-01,1,56,17,103,1,25,4,1,2,38,2,12,2,21,12,7,12,5,49,10,39,1,87,17,14,6,2,99,24,31,52,1,4
2008-06-08,1,49,18,92,1,23,1,2,5,41,6,14,1,25,15,12,14,5,43,11,25,1,100,5,17,6,2,109,32,26,27,1,2
2008-06-15,1,43,18,102,1,31,5,2,5,30,7,19,1,20,18,7,11,7,48,8,25,1,77,11,25,3,1,96,20,32,30,1,4
2008-06-22,1,46,13,96,1,19,3,1,4,25,5,13,1,14,6,9,10,5,46,5,31,2,56,10,16,4,1,89,13,30,43,1,2
2008-06-29,1,44,16,91,1,23,5,2,11,38,5,19,1,10,11,9,12,3,54,5,34,1,73,9,27,7,1,91,22,33,48,1,5
2008-07-06,1,51,26,107,1,31,3,2,11,33,10,15,1,15,15,9,9,1,37,7,23,2,79,6,21,4,1,112,16,39,46,1,5
2008-07-13,1,53,15,91,1,26,2,4,7,26,4,12,1,21,17,9,12,5,47,6,29,2,83,5,11,7,1,98,17,28,55,1,3
2008-07-20,1,53,18,97,1,25,2,4,10,33,4,13,1,16,19,8,12,2,51,10,37,2,67,7,16,5,1,86,21,31,42,1,2
2008-07-27,1,53,14,77,1,18,1,3,2,42,5,22,3,13,13,6,15,5,51,6,26,1,69,8,23,8,1,89,18,31,47,1,2
2008-08-03,1,44,13,64,1,25,3,3,4,30,7,14,2,13,11,7,7,4,31,8,19,1,66,7,18,7,1,94,21,29,36,1,2
2008-08-10,1,56,8,69,1,16,2,1,7,22,10,11,1,12,10,9,13,2,38,1,29,1,74,8,15,8,1,78,15,20,31,1,4
2008-08-17,1,29,17,63,1,26,3,2,7,28,4,19,1,16,11,4,11,2,41,9,26,1,62,9,23,7,1,70,15,22,27,1,3
2008-08-24,1,45,11,72,1,27,3,2,7,31,2,13,1,14,21,7,7,2,46,6,21,1,61,2,17,4,1,80,14,22,33,1,3
2008-08-31,1,47,12,92,1,25,3,2,7,22,8,17,1,10,19,7,10,1,47,11,26,1,65,6,16,2,1,75,16,40,43,1,5
2008-09-07,1,50,16,73,1,22,3,1,4,25,3,20,1,9,14,3,4,1,45,8,35,1,64,4,17,2,1,98,10,23,33,1,2
2008-09-14,1,38,13,72,1,24,1,3,1,27,7,22,1,15,12,3,17,5,37,8,27,1,80,6,18,6,1,95,21,25,34,1,3
2008-09-21,1,38,25,86,1,36,1,3,10,28,6,14,4,17,13,11,11,6,37,12,29,1,75,6,13,3,1,90,22,25,43,1,3
2008-09-28,1,48,10,91,1,31,3,4,2,20,3,16,1,16,14,11,9,6,53,13,22,1,80,7,16,8,1,86,19,27,45,1,3
2008-10-05,1,68,14,103,1,35,1,4,5,31,7,16,3,14,17,5,15,9,42,10,21,1,63,7,20,6,1,95,12,30,36,1,3
2008-10-12,1,52,17,97,1,27,1,1,12,36,11,23,1,26,15,5,17,2,47,9,28,1,82,9,18,3,1,94,20,26,43,1,4
2008-10-19,1,58,18,118,1,27,3,1,8,33,6,19,1,14,18,8,9,3,54,12,29,1,88,8,17,8,1,123,25,28,47,1,4
2008-10-26,1,68,14,106,1,26,5,1,6,37,2,17,1,16,16,17,15,2,50,12,27,1,78,16,27,5,1,99,29,47,48,1,1
2008-11-02,1,68,21,81,1,24,4,2,6,25,7,18,1,19,11,5,19,2,44,6,27,1,94,6,22,2,1,108,22,31,59,1,1
2008-11-09,1,42,16,87,1,37,1,2,8,36,4,22,1,13,20,10,9,3,51,12,43,1,77,4,17,12,1,107,17,35,55,1,1
2008-11-16,1,42,17,101,1,18,4,3,3,35,4,13,1,26,17,7,9,2,34,9,29,1,73,8,23,7,1,107,34,29,34,1,4
2008-11-23,1,41,13,62,1,17,1,3,4,30,5,15,2,10,16,7,10,2,33,6,28,1,70,7,11,4,1,87,21,19,39,1,1
2008-11-30,1,53,22,109,1,22,3,4,8,31,3,16,2,18,5,10,11,5,44,23,31,1,73,8,25,11,1,101,20,27,52,1,4
2008-12-07,1,48,17,99,1,34,3,5,5,34,3,9,1,13,8,7,11,1,49,4,32,1,77,5,14,9,1,99,21,29,36,1,1
2008-12-14,1,58,20,96,1,24,3,4,6,29,10,17,3,11,15,5,10,6,37,10,31,1,75,9,16,4,1,92,19,30,36,1,3
2008-12-21,1,48,13,56,1,23,1,2,2,21,3,11,1,3,9,3,11,7,37,6,12,1,38,10,12,8,1,72,18,23,30,1,2
2008-12-28,1,21,6,64,1,22,1,1,2,13,3,11,4,8,12,4,2,3,30,3,21,1,47,3,16,4,1,59,15,14,20,1,4
2009-01-04,1,14,20,156,1,26,2,4,1,36,6,14,3,10,12,4,20,6,19,23,48,2,76,6,1,4,1,117,13,28,51,1,3
2009-01-11,1,15,13,144,1,22,3,4,6,63,6,10,3,5,12,4,27,7,16,18,55,2,59,8,1,6,1,92,19,37,47,1,2
2009-01-18,1,13,9,111,1,29,1,3,5,87,8,6,3,7,16,4,25,1,22,22,38,2,66,6,2,2,1,97,22,47,52,1,1
2009-01-25,1,15,12,93,1,26,4,2,3,68,9,11,2,4,6,3,18,2,26,26,36,1,57,3,1,1,1,84,18,57,55,1,1
2009-02-01,1,18,11,108,1,13,2,2,2,56,11,13,3,11,10,3,22,2,39,20,40,1,85,6,3,3,1,108,21,64,57,1,1
2009-02-08,1,11,10,88,1,18,3,3,6,86,11,5,2,7,10,3,17,3,43,18,42,1,60,5,4,4,1,95,19,53,54,1,1
2009-02-15,1,9,3,53,1,19,3,2,4,113,8,8,2,13,3,3,18,2,43,30,56,1,60,9,6,2,1,77,21,56,52,1,1
2009-02-22,1,12,4,64,1,15,1,2,2,134,6,6,1,9,10,3,16,2,36,20,45,1,47,11,1,2,1,80,16,27,54,1,1
2009-03-01,1,7,1,63,1,15,1,1,10,158,9,3,3,7,12,2,25,1,25,29,69,1,77,4,4,1,1,103,16,36,73,1,1
2009-03-08,1,6,6,39,2,4,2,3,7,145,12,2,2,7,15,2,17,6,33,14,51,1,53,8,4,1,1,78,11,17,69,1,2
2009-03-15,1,11,4,47,2,9,1,3,4,134,4,5,1,2,9,2,14,4,31,18,54,1,53,9,3,1,1,100,11,31,70,1,2
2009-03-22,1,7,7,34,2,5,3,3,5,142,18,5,3,4,2,2,16,3,51,14,48,1,38,10,4,4,1,82,14,32,62,1,2
2009-03-29,1,4,7,25,2,5,2,2,5,126,6,1,1,10,16,2,23,7,49,13,64,1,48,13,7,7,1,71,18,64,94,1,2
2009-04-05,1,6,8,30,2,4,5,2,5,111,13,4,1,1,9,2,17,2,43,11,68,1,36,7,1,1,2,86,14,59,90,1,2
2009-04-12,1,6,8,34,2,7,7,2,3,133,9,6,1,6,11,2,20,6,59,3,72,2,51,10,5,2,2,91,15,63,85,1,1
2009-04-19,1,7,16,39,2,8,6,2,2,109,9,3,1,2,12,1,23,5,79,7,61,2,61,26,5,1,2,121,24,48,92,1,1
2009-04-26,1,2,14,20,2,7,13,3,7,75,8,6,1,2,5,1,8,2,61,9,50,2,59,29,2,1,1,111,17,53,107,1,1
2009-05-03,1,6,20,13,2,2,4,3,2,70,13,2,1,5,8,1,13,4,56,4,77,1,49,25,7,2,1,133,9,65,74,1,1
2009-05-10,1,8,28,17,2,5,7,5,3,125,5,5,1,2,8,1,17,7,60,3,64,1,59,11,1,2,1,146,14,63,102,1,1
2009-05-17,1,14,31,26,2,5,13,3,1,162,9,5,1,3,6,1,12,1,63,4,83,2,55,11,3,1,1,147,16,50,130,1,1
2009-05-24,1,15,44,14,2,4,10,8,1,148,6,5,1,9,7,1,6,2,47,2,67,2,68,5,3,4,2,163,14,34,148,1,1
2009-05-31,2,26,28,18,2,3,15,5,3,189,6,3,1,11,10,1,10,4,49,7,76,4,62,11,2,2,1,170,26,41,194,1,1
2009-06-07,2,25,41,18,2,5,12,3,4,123,11,10,1,8,12,1,16,3,67,1,74,6,60,3,2,4,1,167,28,58,164,1,1
2009-06-14,3,33,29,19,2,3,10,8,3,109,11,2,1,7,10,1,6,4,54,4,70,6,72,11,5,2,1,159,16,30,203,1,2
2009-06-21,3,26,31,22,2,4,11,7,2,110,9,2,1,10,9,1,11,2,45,4,54,5,77,6,3,2,2,147,32,45,193,1,3
2009-06-28,4,29,20,30,2,5,7,1,1,105,7,12,1,8,6,1,22,4,58,6,82,5,71,5,6,3,3,163,28,44,227,1,3
2009-07-05,4,46,43,29,2,8,6,2,3,95,9,11,1,12,13,1,18,6,58,10,58,3,83,4,5,10,2,156,45,33,228,1,1
2009-07-12,1,30,53,35,2,9,8,6,4,85,18,15,1,11,11,1,16,6,67,9,38,3,78,5,6,4,1,165,47,39,260,1,1
2009-07-19,1,26,44,46,2,7,9,9,2,50,10,16,1,12,15,1,13,7,54,12,74,3,84,1,2,5,2,191,35,55,274,1,1
2009-07-26,1,31,34,30,2,2,8,2,2,67,11,17,2,5,9,1,13,5,65,12,51,2,82,4,11,3,6,198,25,41,347,1,1
2009-08-02,1,20,55,34,2,12,6,13,1,41,10,13,2,8,14,1,10,14,63,11,61,1,75,2,9,8,2,191,29,45,358,1,4
2009-08-09,1,26,39,39,2,6,7,9,2,29,14,10,2,8,14,1,15,6,69,13,54,3,111,6,7,5,2,207,40,42,338,1,6
2009-08-16,1,39,40,33,2,5,7,5,2,32,13,12,2,11,16,1,7,4,60,12,70,5,91,5,10,9,3,203,33,57,357,1,9
2009-08-23,1,29,45,34,2,6,5,8,2,17,14,12,2,6,13,1,11,5,69,5,54,1,99,2,3,6,9,212,22,77,393,1,8
2009-08-30,1,41,39,56,2,6,7,3,2,22,8,14,1,7,19,1,16,7,61,7,38,2,94,3,4,10,30,242,40,68,373,1,4
2009-09-06,1,29,22,35,2,5,4,1,3,22,9,4,1,10,32,1,17,2,56,7,21,1,89,7,7,8,6,250,29,72,444,1,4
2009-09-13,1,27,25,41,2,8,5,6,5,18,11,15,1,7,21,1,12,1,54,9,34,2,104,3,12,15,1,232,30,74,382,1,2
2009-09-20,1,41,31,35,2,7,6,11,9,13,18,10,2,5,17,1,11,1,89,10,39,6,79,2,11,25,1,229,46,93,416,1,2
2009-09-27,1,59,23,35,2,6,7,5,6,11,20,5,2,6,10,1,10,1,96,6,42,4,85,1,9,20,2,238,26,91,415,1,1
2009-10-04,1,53,29,21,2,12,4,8,4,8,15,9,2,5,19,1,6,1,95,9,36,3,111,2,12,23,2,260,30,77,339,1,1
2009-10-11,1,42,32,31,2,9,6,20,3,3,20,12,2,4,24,1,9,1,70,3,28,2,93,3,19,17,2,243,31,121,382,1,1
2009-10-18,1,53,26,36,2,5,12,22,2,11,22,15,1,2,21,1,9,1,88,8,32,2,104,6,14,18,1,250,28,125,367,1,1
2009-10-25,1,43,15,39,2,8,5,15,2,4,21,12,1,3,18,2,5,1,88,9,27,1,103,5,27,18,1,263,17,110,288,1,1
2009-11-01,1,33,19,77,2,2,11,13,2,6,18,25,1,3,18,2,14,5,84,6,54,2,118,9,30,25,1,245,12,103,323,1,1
2009-11-08,1,43,22,63,2,4,6,10,1,9,17,27,1,5,20,2,4,2,69,13,42,4,138,5,19,24,1,242,38,106,280,1,1
2009-11-15,1,44,31,73,2,4,16,9,1,8,17,33,1,2,22,2,6,10,75,13,33,1,165,4,22,27,1,277,31,107,305,1,1
2009-11-22,1,43,39,67,2,13,12,10,1,7,16,38,1,3,17,2,13,15,122,19,28,1,168,14,25,28,1,298,27,115,331,1,2
2009-11-29,1,61,27,46,2,10,15,11,1,9,36,44,1,6,14,2,18,10,118,32,25,1,179,11,35,32,1,306,19,153,324,1,2
2009-12-06,1,46,36,61,2,6,27,5,3,5,37,42,3,2,27,2,18,10,158,51,45,1,177,9,53,44,1,275,27,141,377,1,2
2009-12-13,1,49,21,73,2,7,16,19,1,6,18,50,2,2,39,2,21,11,153,36,25,2,157,18,48,35,1,236,21,140,332,1,2
2009-12-20,1,46,18,49,2,7,10,15,1,8,29,53,2,2,40,1,7,7,152,23,38,2,199,6,45,41,1,240,21,158,260,1,2
2009-12-27,1,60,22,50,2,5,9,16,1,9,31,40,3,4,52,1,20,13,166,11,41,2,180,10,44,58,1,208,18,195,242,1,1
2010-01-03,1,84,26,54,2,17,20,17,2,16,40,71,3,7,101,1,32,22,195,24,47,7,233,15,73,72,1,318,22,236,425,1,1
2010-01-10,1,79,29,90,2,21,25,29,4,21,41,55,3,8,109,1,38,24,202,38,71,5,202,18,65,120,1,301,25,339,493,1,1
2010-01-17,1,108,21,66,2,18,31,30,9,21,44,57,8,2,95,1,27,11,213,50,73,5,277,43,101,200,1,333,23,273,557,1,1
2010-01-24,1,123,31,69,2,20,44,51,15,30,60,62,5,7,110,1,20,22,260,47,75,5,263,44,107,233,1,373,32,326,663,1,1
2010-01-31,1,189,32,66,2,33,66,45,19,31,77,79,14,5,122,10,23,17,325,36,94,7,300,64,133,316,1,443,28,364,774,1,1
2010-02-07,1,173,32,49,2,29,55,64,23,42,96,93,10,11,163,8,41,20,256,42,134,8,292,52,194,399,1,515,28,434,964,1,1
2010-02-14,1,211,39,78,2,38,58,93,13,61,84,98,30,8,160,4,22,33,262,49,167,6,236,47,350,413,1,489,31,463,955,1,11
2010-02-21,1,189,51,66,2,11,41,57,33,53,95,59,17,12,149,6,34,33,250,45,165,3,184,51,457,430,1,500,30,469,807,1,10
2010-02-28,1,227,51,62,2,17,32,71,16,63,68,59,36,9,172,6,29,53,236,38,141,8,216,94,418,598,1,604,27,507,909,2,15
2010-03-07,1,226,46,65,2,24,39,58,23,38,67,61,24,10,192,14,11,40,181,46,172,5,172,85,534,582,1,538,40,466,794,2,15
2010-03-14,1,262,53,53,2,14,82,72,17,69,56,50,21,13,185,21,15,23,178,31,172,10,198,115,562,684,1,630,29,518,775,3,15
2010-03-21,1,268,54,36,2,23,22,82,30,56,57,35,28,13,213,10,13,37,143,35,156,8,159,89,588,515,1,572,25,431,680,7,15
2010-03-28,1,339,52,51,2,16,32,52,31,58,54,36,7,4,209,16,14,14,180,18,138,10,165,121,598,583,1,635,12,458,642,6,26
2010-04-04,1,401,57,42,2,27,27,59,22,68,47,44,15,7,286,12,19,23,199,28,185,3,154,131,536,556,1,699,17,488,662,16,43
2010-04-11,1,522,69,41,2,18,49,66,26,68,56,28,11,12,216,13,6,11,204,29,168,5,152,100,410,518,1,632,18,355,620,8,34
2010-04-18,1,796,96,36,2,9,38,34,41,81,51,57,6,16,167,11,18,23,218,16,187,15,176,88,401,501,1,723,20,359,594,5,39
2010-04-25,2,890,132,36,2,14,53,37,28,107,31,62,11,6,188,1,14,25,170,26,179,10,168,75,322,490,1,714,21,295,463,3,29
2010-05-02,2,962,109,29,2,24,52,34,32,97,29,58,7,6,166,1,18,41,211,24,186,12,165,61,290,363,1,686,27,287,504,1,12
2010-05-09,2,1078,186,47,2,35,57,42,10,119,41,78,3,22,170,3,27,27,207,31,179,12,151,52,261,397,1,756,29,308,432,3,11
2010-05-16,2,1257,112,40,2,43,58,38,6,96,47,59,6,16,190,5,16,23,228,43,160,12,166,26,280,419,1,655,17,283,477,1,6
2010-05-23,2,1235,120,63,2,39,52,42,11,113,40,53,8,10,182,9,15,22,223,23,123,7,162,35,266,327,1,622,21,245,432,2,8
2010-05-30,2,1259,147,61,2,37,45,34,4,96,25,84,20,13,174,1,13,10,227,30,145,9,165,29,131,319,1,643,38,226,398,2,10
2010-06-06,1,1335,108,55,2,42,49,24,8,68,31,65,15,12,161,1,9,6,208,21,164,7,160,17,266,275,1,596,35,216,408,4,8
2010-06-13,1,1317,74,67,2,32,45,28,7,78,26,64,6,11,163,1,14,21,215,24,197,4,129,23,194,270,1,553,31,213,426,2,8
2010-06-20,2,1161,100,75,2,32,41,23,3,75,26,83,3,16,141,1,16,14,164,23,176,3,132,12,197,220,3,583,25,166,374,4,1
2010-06-27,4,1051,86,62,2,40,50,33,5,55,25,101,1,15,120,2,15,14,180,24,161,5,141,14,172,190,4,571,27,152,318,2,3
2010-07-04,2,1010,97,76,2,36,36,23,1,45,28,74,1,20,123,2,14,9,174,19,156,7,148,10,166,138,6,564,32,145,328,1,3
2010-07-11,2,830,112,68,2,46,40,14,9,34,27,64,2,7,122,2,12,2,193,20,137,4,139,14,136,144,1,553,37,124,285,2,3
2010-07-18,2,840,98,82,2,43,40,25,4,41,33,71,6,15,103,2,12,2,172,23,124,3,143,8,151,197,1,541,44,127,338,2,1
2010-07-25,2,752,112,106,2,53,42,17,2,51,34,72,2,15,73,1,12,6,136,23,116,7,139,5,108,164,1,523,45,114,282,2,1
2010-08-01,1,867,59,93,2,51,41,24,5,32,23,100,4,5,66,1,20,8,117,13,134,5,141,8,128,144,1,484,39,121,292,2,3
2010-08-08,1,775,41,127,2,50,34,17,4,18,18,102,3,9,41,1,8,5,103,14,110,4,141,9,107,137,1,400,41,85,241,1,3
2010-08-15,1,741,15,127,2,47,30,17,4,10,13,89,1,21,60,1,17,3,104,21,91,3,140,8,123,160,2,371,46,98,237,1,2
2010-08-22,1,681,5,143,2,42,25,24,1,16,13,77,9,14,40,1,19,9,118,24,95,3,147,10,132,119,2,316,32,85,248,1,6
2010-08-29,1,602,6,179,2,58,21,11,5,16,19,94,4,14,41,1,12,4,103,30,99,4,135,11,94,125,2,307,32,79,218,1,2
2010-09-05,1,499,16,172,2,63,23,9,4,8,16,74,2,16,40,1,13,7,81,27,73,3,136,3,86,122,2,252,52,74,213,1,2
2010-09-12,1,397,8,150,2,65,12,15,1,8,7,65,5,5,39,1,10,7,70,25,93,8,147,2,92,84,2,206,39,64,205,1,1
2010-09-19,1,396,10,124,2,70,26,8,3,16,6,71,1,10,30,1,14,4,60,28,70,5,140,4,70,102,2,224,39,62,179,1,1
2010-09-26,1,304,6,97,2,44,22,15,8,20,13,61,3,8,35,1,11,3,59,25,78,4,131,4,70,71,2,175,34,59,191,1,1
2010-10-03,1,285,9,80,2,50,19,7,4,7,18,57,5,16,38,1,15,3,82,20,62,2,145,9,53,60,2,171,37,50,205,1,1
2010-10-10,2,242,7,95,2,65,19,10,6,12,9,59,6,10,27,1,12,2,84,27,68,6,145,6,43,68,2,171,31,58,137,1,2
2010-10-17,2,192,5,78,2,83,22,4,6,15,11,41,10,13,38,1,8,2,69,32,56,5,124,7,46,52,2,138,43,64,128,1,1
2010-10-24,2,174,5,86,2,62,6,11,3,16,12,52,3,9,31,1,11,2,59,23,47,3,114,6,29,40,2,121,38,49,130,1,1
2010-10-31,2,136,12,63,2,59,24,9,2,10,8,56,8,13,25,1,14,2,64,24,49,1,110,4,33,39,1,118,38,79,164,1,1
2010-11-07,2,132,15,52,2,63,21,3,4,8,15,31,13,7,21,1,5,1,58,22,64,2,143,10,27,33,1,102,29,73,125,1,1
2010-11-14,1,117,8,66,2,59,14,7,2,11,11,34,8,9,22,1,9,1,41,29,64,2,113,8,25,27,1,86,34,66,137,1,1
2010-11-21,1,92,7,84,2,59,12,5,8,7,6,36,7,11,18,1,9,1,45,19,63,2,99,8,26,28,1,78,15,44,117,1,2
2010-11-28,1,74,5,62,2,61,17,3,11,5,4,17,5,13,17,1,10,1,43,22,58,1,118,1,30,19,1,69,23,68,140,1,2
2010-12-05,1,75,7,75,2,58,4,2,6,10,13,26,8,10,25,1,6,3,29,27,63,2,130,9,33,22,1,67,30,84,116,1,2
2010-12-12,1,82,4,52,2,45,8,11,7,9,7,28,7,19,29,1,14,2,37,23,62,1,100,5,38,19,1,44,42,37,105,1,2
2010-12-19,1,47,2,59,2,42,6,3,11,10,10,22,8,8,17,1,10,2,50,12,30,3,100,8,24,22,1,42,32,51,106,1,2
2010-12-26,2,53,3,50,2,38,9,7,4,5,7,18,1,8,25,1,11,5,51,18,43,2,88,6,24,20,1,44,36,47,95,1,2
2011-01-02,2,73,1,52,2,27,5,12,2,6,10,16,2,8,23,1,12,5,52,21,59,4,96,9,6,9,1,38,44,59,106,1,2
2011-01-09,2,61,1,52,2,44,5,7,7,6,7,23,8,4,23,1,8,4,48,19,70,5,91,23,23,21,1,33,29,69,100,1,3
2011-01-16,2,60,2,58,2,31,6,9,7,7,11,19,6,16,28,1,13,6,52,13,44,1,79,19,11,7,1,43,40,72,78,1,1
2011-01-23,6,40,2,33,3,23,7,9,7,6,5,18,5,14,27,1,7,4,47,15,69,3,77,10,13,12,1,40,38,49,73,1,1
2011-01-30,1,51,1,54,3,30,4,18,4,9,7,18,10,9,28,1,11,2,55,15,45,5,61,7,9,11,1,36,41,60,69,1,2
2011-02-06,2,37,2,35,3,18,8,9,5,9,4,20,19,9,20,1,4,3,33,15,54,2,57,11,16,5,1,39,35,31,55,1,5
2011-02-13,2,35,2,32,3,8,5,9,4,10,13,16,4,16,26,1,16,2,47,7,53,3,70,13,14,8,1,31,31,42,76,1,8
2011-02-20,6,24,3,33,3,16,2,8,5,8,8,14,4,11,15,1,3,5,35,9,30,4,72,14,20,8,1,37,20,41,64,1,8
2011-02-27,8,41,5,34,3,22,1,9,2,14,6,12,9,11,18,1,6,4,32,5,36,6,50,15,13,6,1,32,27,44,62,1,15
2011-03-06,9,38,5,22,3,16,2,9,7,6,7,18,4,7,14,1,2,9,30,9,37,2,49,13,25,6,1,31,24,48,66,1,11
2011-03-13,6,33,5,23,3,9,2,8,4,5,8,15,8,13,13,1,3,7,31,3,40,3,50,6,9,8,1,36,20,43,44,1,14
2011-03-20,6,34,7,12,3,11,4,5,6,9,7,17,6,6,22,1,4,6,39,6,37,3,46,7,16,9,1,37,17,48,46,1,6
2011-03-27,12,43,6,15,3,12,4,3,1,8,15,12,6,14,18,2,4,9,33,7,47,4,41,16,16,15,1,48,29,45,33,1,12
2011-04-03,11,49,11,11,3,6,1,2,4,13,12,10,9,15,10,2,7,4,23,7,50,7,42,17,26,7,1,56,19,39,39,1,12
2011-04-10,13,43,8,11,3,16,2,2,5,13,9,5,8,18,13,2,3,8,24,3,56,1,40,15,12,6,1,37,30,44,34,1,15
2011-04-17,28,34,18,22,3,13,7,5,2,15,9,14,3,12,13,2,2,3,23,1,70,3,29,12,14,9,1,41,26,48,45,1,8
2011-04-24,35,49,14,11,3,10,6,5,11,19,6,11,8,6,18,2,1,4,31,4,73,5,57,18,18,8,1,41,22,40,49,1,11
2011-05-01,38,28,7,16,3,10,10,4,6,21,12,13,10,18,22,2,1,1,36,3,57,1,45,19,24,12,2,56,14,43,41,1,16
2011-05-08,39,42,6,17,3,9,5,5,11,25,10,17,9,20,17,2,3,4,37,3,55,1,39,18,24,8,2,46,16,42,50,1,10
2011-05-15,38,46,5,14,3,13,2,5,5,25,12,29,4,10,20,2,5,7,32,4,55,4,46,15,27,7,1,55,25,40,50,1,16
2011-05-22,12,57,3,23,3,4,4,4,9,29,5,23,9,16,18,2,4,5,41,6,55,5,72,12,27,12,1,57,17,39,41,1,11
2011-05-29,36,44,4,21,3,13,2,3,5,27,5,23,15,16,17,2,5,7,31,6,60,5,53,12,32,14,1,52,24,48,48,1,4
2011-06-05,43,46,9,40,3,9,5,2,9,18,8,40,12,11,15,2,7,3,42,5,36,3,53,13,23,9,2,68,13,52,41,1,7
2011-06-12,36,41,3,24,3,9,3,2,14,18,5,35,13,29,19,2,5,2,34,5,41,2,75,8,28,9,2,69,10,43,45,1,7
2011-06-19,28,51,6,24,3,10,4,1,9,20,8,49,8,21,15,2,6,3,25,2,37,4,57,19,28,15,2,54,27,22,49,1,1
2011-06-26,16,48,4,11,3,10,4,1,7,25,2,25,8,16,19,1,7,4,25,2,40,7,51,15,37,12,1,46,23,29,49,1,5
2011-07-03,13,52,8,9,3,17,4,2,12,29,12,47,9,19,23,1,5,1,31,2,47,4,65,11,25,9,1,67,30,31,63,1,5
2011-07-10,16,54,5,12,3,9,1,4,7,26,12,50,3,15,17,1,7,2,31,5,55,1,36,10,28,8,1,37,29,40,39,1,1
2011-07-17,13,27,4,9,3,9,5,6,4,14,10,38,9,25,17,1,5,5,22,4,39,1,41,11,27,30,1,32,29,40,67,1,1
2011-07-24,7,30,4,13,3,7,3,4,6,15,6,29,10,20,12,1,6,2,18,2,44,2,36,7,29,35,1,45,26,35,54,1,3
2011-07-31,9,45,3,26,3,15,4,4,3,22,10,32,11,23,14,1,5,3,23,2,54,2,39,9,32,19,1,22,15,43,64,1,1
2011-08-07,8,37,12,20,3,3,3,4,3,8,10,41,6,23,9,1,3,9,24,2,50,1,49,10,29,14,1,26,15,43,62,1,2
2011-08-14,6,42,10,18,3,10,2,4,9,12,11,32,1,21,26,1,7,5,19,2,53,2,37,6,24,16,2,37,10,34,65,1,2
2011-08-21,5,35,1,17,3,10,3,2,5,19,10,20,5,27,18,1,6,1,23,1,38,2,38,6,19,14,2,34,15,26,55,1,3
2011-08-28,8,39,1,11,3,5,2,1,10,20,9,22,5,28,19,1,4,1,40,7,45,1,54,11,24,21,2,60,31,39,54,1,4
2011-09-04,4,38,1,17,3,9,3,2,1,13,3,19,5,38,16,1,1,1,33,8,42,2,43,14,16,13,2,47,20,36,37,1,1
2011-09-11,1,28,2,18,3,10,2,2,5,26,6,20,2,26,12,1,4,1,35,4,53,1,42,1,21,19,2,26,40,27,51,1,2
2011-09-18,1,31,2,13,3,8,2,2,5,19,7,15,2,34,22,1,5,1,37,2,54,2,39,7,23,19,2,37,27,46,45,1,2
2011-09-25,1,24,3,14,3,7,4,1,4,7,8,39,4,40,14,1,1,4,38,6,63,4,45,7,26,20,1,34,25,42,27,1,3
2011-10-02,1,23,4,19,3,6,7,2,5,14,16,20,3,27,15,1,5,3,28,11,47,3,42,5,27,14,3,38,14,23,42,1,6
2011-10-09,1,31,3,24,3,13,5,4,5,16,11,39,7,27,14,1,11,2,26,6,62,2,28,6,16,10,1,27,19,30,31,1,5
2011-10-16,1,35,7,18,3,8,5,5,12,18,10,26,4,45,11,1,10,2,47,4,51,2,35,5,19,16,2,43,22,32,28,1,6
2011-10-23,1,32,6,14,3,12,5,3,12,19,9,34,6,22,19,1,7,2,48,3,47,2,41,7,20,17,3,44,21,41,49,1,9
2011-10-30,1,27,3,29,3,8,5,2,9,16,13,20,3,27,12,1,16,2,60,4,66,1,41,8,16,20,1,33,16,36,44,1,2
2011-11-06,1,27,2,20,3,15,3,2,14,13,11,35,4,33,13,1,13,2,42,5,65,1,40,9,19,22,2,33,18,40,35,1,8
2011-11-13,1,19,4,28,3,11,6,2,9,16,20,29,4,30,13,1,17,6,46,7,66,1,47,9,14,10,2,38,12,49,44,1,10
2011-11-20,1,21,1,28,3,14,2,2,13,18,16,42,4,34,15,1,25,2,45,4,58,1,40,8,28,18,2,51,29,38,35,1,4
2011-11-27,2,15,2,16,3,14,5,1,27,29,23,37,7,30,19,2,27,3,66,2,39,2,49,5,19,17,2,34,21,40,47,1,5
2011-12-04,2,29,2,20,3,15,6,1,20,21,17,38,9,30,19,2,30,5,56,10,50,1,51,6,20,14,3,40,32,53,32,1,2
2011-12-11,3,23,1,40,3,8,7,2,14,11,12,26,3,28,20,2,35,2,70,5,75,1,55,7,20,13,4,44,27,53,38,1,2
2011-12-18,3,39,1,24,3,7,2,3,28,20,17,26,5,23,29,2,20,6,96,7,68,1,52,9,32,15,2,31,33,45,45,1,2
2011-12-25,2,29,6,28,3,7,4,1,14,22,21,25,4,38,18,2,15,5,82,7,68,1,47,12,22,13,2,39,33,70,68,1,2
2012-01-01,2,31,2,51,3,10,5,5,50,22,3,18,1,40,31,1,20,3,91,2,99,3,62,16,25,6,1,45,24,57,70,1,5
2012-01-08,1,30,2,49,1,11,4,3,63,22,4,16,5,40,33,1,14,2,79,8,125,3,45,15,23,3,1,49,24,83,54,1,5
2012-01-15,1,35,12,51,3,8,1,2,55,31,4,15,6,37,27,2,14,5,127,5,111,2,47,19,11,7,1,51,21,84,52,1,5
2012-01-22,1,33,7,57,2,9,5,1,82,35,4,24,4,27,27,4,25,5,137,8,117,2,45,16,22,8,1,45,26,64,57,1,5
2012-01-29,2,29,1,56,2,14,7,4,75,34,2,13,3,39,36,1,27,1,119,8,112,4,42,17,17,11,1,58,39,75,58,1,5
2012-02-05,2,27,3,49,2,13,7,2,64,32,1,24,3,43,22,3,16,2,140,11,140,3,59,15,13,10,1,59,27,63,59,1,4
2012-02-12,2,19,11,32,6,12,7,4,66,53,4,21,3,37,19,4,14,2,139,9,150,2,40,27,12,6,1,51,31,57,67,1,3
2012-02-19,2,40,4,37,2,17,4,7,106,57,8,21,7,33,20,1,10,5,169,7,166,3,58,36,20,14,1,34,31,62,73,1,9
2012-02-26,3,34,7,29,1,13,7,2,99,44,8,19,3,27,37,9,9,3,153,5,213,4,53,24,11,12,1,31,30,49,70,1,3
2012-03-04,3,40,7,19,4,8,2,1,85,53,5,20,6,31,26,5,9,3,154,4,205,2,62,19,15,9,1,46,20,52,91,1,1
2012-03-11,1,33,5,25,1,8,13,2,49,34,3,14,7,18,32,5,4,5,125,3,232,4,45,11,8,7,1,46,22,49,67,1,1
2012-03-18,2,29,7,19,1,13,4,3,58,42,6,14,6,17,31,4,7,3,178,3,211,6,39,24,7,11,1,41,21,47,72,1,1
2012-03-25,4,20,7,11,1,8,4,1,43,35,2,9,4,17,21,4,6,1,146,2,168,2,40,15,9,3,1,27,11,50,68,1,3
2012-04-01,5,36,1,15,2,5,5,1,36,38,6,19,1,13,14,5,4,1,171,6,111,1,53,15,9,7,1,49,18,75,73,1,1
2012-04-08,3,29,7,19,1,10,9,1,43,59,14,22,5,16,29,5,5,1,167,5,164,3,50,8,19,4,1,77,22,66,41,1,1
2012-04-15,2,40,5,17,1,9,2,4,53,52,23,16,7,22,25,16,11,8,197,4,168,3,60,18,12,7,1,55,20,62,63,1,1
2012-04-22,3,39,13,12,1,8,7,3,47,37,13,29,2,15,27,14,7,2,209,2,154,3,57,13,19,3,1,44,31,63,49,1,3
2012-04-29,4,34,9,27,1,5,4,2,66,54,15,39,3,25,39,16,4,3,162,5,152,1,78,13,7,9,1,78,26,68,52,1,2
2012-05-06,4,36,8,17,1,8,3,1,34,79,18,26,2,19,33,4,7,3,170,5,198,1,78,14,18,11,1,70,34,68,60,1,2
2012-05-13,2,36,7,17,2,11,4,1,33,67,11,19,1,23,22,3,4,2,178,7,162,2,99,10,13,2,1,71,36,79,61,1,3
2012-05-20,3,30,14,21,3,18,5,1,33,80,7,41,4,44,31,2,5,1,144,17,131,3,91,7,14,6,1,81,36,80,62,1,2
2012-05-27,4,36,33,22,1,31,7,2,29,74,34,43,3,40,30,3,12,3,174,11,172,2,87,9,18,5,1,95,49,75,40,2,5
2012-06-03,7,49,19,21,1,58,9,4,30,71,16,61,1,29,18,2,6,1,177,6,136,2,81,12,19,6,1,96,43,79,46,4,3
2012-06-10,3,31,24,20,2,38,11,1,23,89,9,60,2,26,38,2,8,2,165,8,121,2,86,2,16,6,1,89,44,73,60,3,3
2012-06-17,12,34,22,17,2,45,5,1,27,96,5,50,3,27,17,1,12,3,179,8,128,2,87,3,15,3,1,79,47,91,54,1,3
2012-06-24,5,35,12,23,1,47,6,2,26,85,2,53,5,35,16,1,6,3,164,9,114,2,71,3,8,2,1,97,34,91,45,2,1
2012-07-01,9,31,22,24,2,61,5,1,24,62,2,55,5,29,30,1,7,3,159,18,114,3,67,3,16,2,2,76,43,96,43,4,1
2012-07-08,3,32,12,28,1,38,3,1,23,56,4,67,7,39,31,1,13,6,181,11,102,4,58,2,13,3,2,94,44,92,44,2,6
2012-07-15,15,30,25,18,1,27,5,1,21,42,3,82,4,29,26,1,10,4,141,11,108,1,83,2,8,1,2,86,41,75,48,1,4
2012-07-22,5,44,8,16,1,37,3,1,10,34,3,91,12,27,29,1,4,1,105,18,102,3,63,1,9,4,3,102,51,105,57,1,3
2012-07-29,8,41,14,24,1,24,4,1,17,32,2,81,12,35,24,1,7,1,127,29,76,2,83,3,7,1,3,107,40,85,60,2,2
2012-08-05,10,47,8,15,1,38,4,1,9,25,5,96,5,27,25,1,2,3,93,18,92,4,89,5,9,6,3,109,47,71,32,1,6
2012-08-12,15,53,11,23,1,34,1,2,6,33,2,71,4,26,32,1,5,2,103,10,93,4,117,6,5,2,3,114,53,87,39,1,1
2012-08-19,11,57,18,11,2,33,1,3,13,29,6,75,10,30,28,1,2,1,89,9,89,3,80,3,10,2,3,120,36,88,45,1,1
2012-08-26,9,51,16,12,2,48,1,1,9,20,4,152,9,25,35,1,2,1,82,9,99,2,137,2,8,3,2,129,42,95,48,1,1
2012-09-02,8,67,7,17,1,44,2,1,4,18,3,115,2,27,41,1,6,1,71,7,61,2,102,2,10,4,2,134,53,130,56,1,1
2012-09-09,12,46,7,23,1,34,3,1,4,20,3,100,6,27,29,1,13,2,69,13,90,2,103,2,16,2,2,124,31,141,50,1,2
2012-09-16,13,54,4,22,1,37,2,1,4,32,2,141,4,32,61,1,9,1,66,9,87,3,89,7,8,1,2,135,41,115,69,1,2
2012-09-23,10,50,2,39,2,35,1,1,3,27,4,114,2,26,82,1,3,1,42,9,82,1,97,2,7,2,2,98,55,114,43,1,2
2012-09-30,14,51,4,24,2,44,2,2,7,23,4,177,6,36,59,1,10,2,49,11,70,2,97,3,10,2,1,135,37,120,61,1,2
2012-10-07,13,51,2,20,3,47,7,2,10,25,5,275,3,27,62,1,13,2,49,14,74,4,71,1,3,2,1,153,39,141,58,1,2
2012-10-14,14,54,3,40,3,37,10,1,7,33,2,292,4,35,49,1,17,2,38,19,87,1,68,4,6,3,1,123,41,118,66,1,2
2012-10-21,14,52,12,40,3,46,4,1,7,15,2,225,2,22,62,1,15,2,67,31,76,2,84,3,6,3,1,124,39,121,57,1,1
2012-10-28,7,33,12,27,3,33,5,2,10,25,2,228,1,33,67,1,20,2,58,25,77,2,88,6,13,6,1,131,44,127,55,1,1
2012-11-04,7,45,9,48,2,47,4,2,16,22,6,207,1,19,76,1,32,2,53,37,75,3,106,12,18,2,1,151,34,136,63,1,1
2012-11-11,8,37,8,35,2,39,11,2,9,19,5,297,2,20,58,1,30,1,44,35,66,1,112,16,9,6,1,174,44,155,51,1,1
2012-11-18,4,50,12,39,2,37,16,1,11,14,6,228,2,19,68,1,32,1,77,32,92,2,127,14,9,2,1,181,42,190,70,1,1
2012-11-25,2,58,11,45,2,46,12,1,10,22,8,154,3,26,57,1,29,1,70,33,80,4,136,26,7,3,1,173,30,161,79,1,1
2012-12-02,1,44,6,57,2,40,10,1,8,25,7,191,3,30,53,1,31,3,44,24,102,6,117,61,19,1,1,167,56,154,85,1,1
2012-12-09,2,53,14,95,3,44,8,2,8,30,8,179,2,24,66,1,36,3,66,33,95,7,123,45,10,1,1,196,44,164,88,1,1
2012-12-16,2,41,8,77,1,24,4,2,9,34,7,111,2,23,72,1,36,6,71,41,64,1,134,65,5,4,1,136,47,169,88,1,1
2012-12-23,4,26,4,79,1,27,5,1,9,27,4,129,2,15,66,1,31,2,61,19,73,2,111,57,10,2,1,97,53,138,96,1,1
2012-12-30,4,84,15,87,2,64,7,6,16,45,14,68,2,26,59,1,31,2,73,44,107,7,115,24,28,10,1,230,49,182,282,1,3
2013-01-06,7,92,25,112,4,72,8,9,9,50,7,59,2,26,70,1,30,8,70,34,120,10,108,20,34,7,1,231,43,194,299,1,3
2013-01-13,3,72,21,113,2,54,14,10,16,49,9,81,3,29,57,1,33,4,64,45,144,7,105,31,32,4,1,201,44,191,327,1,6
2013-01-20,5,86,25,129,3,73,12,9,19,60,10,96,4,41,77,1,30,2,78,42,161,7,122,41,32,5,2,211,48,161,321,1,6
2013-01-27,2,102,15,106,1,75,14,15,19,63,5,83,1,38,89,1,30,3,90,54,157,9,127,35,40,6,2,261,75,186,342,1,1
2013-02-03,3,98,16,118,4,74,11,12,9,58,13,90,1,27,61,1,38,5,107,56,157,10,149,32,38,5,2,247,58,174,325,1,3
2013-02-10,6,81,16,119,2,48,14,8,21,58,9,78,2,29,81,1,26,7,87,64,146,9,129,39,41,8,1,250,66,171,310,1,4
2013-02-17,2,96,15,133,2,69,14,18,16,75,11,82,2,45,78,1,35,6,77,42,145,11,117,29,39,8,1,258,61,195,374,1,3
2013-02-24,1,111,16,122,3,74,12,21,13,64,15,69,3,36,82,1,33,5,94,44,129,12,138,26,41,4,1,259,57,229,388,1,6
2013-03-03,5,110,19,121,5,76,14,17,14,57,13,95,2,22,78,1,38,3,90,54,183,13,136,31,41,6,1,260,58,241,382,1,5
2013-03-10,4,116,17,126,4,77,7,16,11,52,8,74,2,49,66,1,36,7,88,50,158,8,117,30,42,9,1,248,69,245,412,1,2
2013-03-17,6,102,24,118,4,87,11,16,8,60,8,70,1,33,62,1,27,8,99,54,149,11,108,25,36,2,1,257,58,226,375,1,4
2013-03-24,6,98,20,127,2,73,6,15,16,45,8,86,1,27,66,1,34,4,84,49,143,9,148,32,37,5,1,300,56,211,357,1,6
2013-03-31,6,129,26,150,1,90,12,10,20,60,13,87,2,41,84,1,47,5,116,68,208,13,181,21,44,9,2,329,74,291,525,1,5
2013-04-07,3,127,23,154,4,121,15,20,20,81,22,120,5,60,114,1,41,6,123,72,213,14,199,42,44,12,1,389,78,354,603,1,4
2013-04-14,8,145,20,177,3,120,24,19,24,86,20,133,2,68,124,1,55,9,131,69,220,12,175,56,54,9,2,435,101,333,639,2,7
2013-04-21,5,125,23,171,2,111,12,18,24,64,10,109,2,60,99,1,33,6,112,74,209,15,173,40,43,11,3,382,79,305,596,2,6
2013-04-28,2,121,31,147,5,115,11,19,22,62,11,116,3,53,132,1,43,13,140,63,231,13,184,39,47,6,2,362,86,278,575,1,5
2013-05-05,7,121,26,162,1,111,24,15,25,78,13,95,4,51,112,1,35,6,127,73,211,7,178,35,45,6,1,365,76,308,552,1,7
2013-05-12,12,134,26,156,2,99,15,24,27,79,15,105,4,48,106,1,51,9,99,82,209,14,149,40,47,6,1,358,77,328,537,1,6
2013-05-19,7,116,28,179,3,110,21,15,22,91,13,116,8,55,120,2,38,7,119,82,241,13,202,45,50,9,2,359,104,329,597,1,6
2013-05-26,8,147,25,180,6,100,14,15,33,83,18,108,5,56,126,1,43,2,112,59,203,15,158,55,48,7,2,371,79,308,613,1,5
2013-06-02,3,133,19,171,7,102,12,21,26,74,13,103,3,41,98,3,46,5,110,75,229,14,147,42,40,3,1,308,74,268,565,1,7
2013-06-09,6,139,29,171,3,104,18,17,17,63,12,102,8,58,106,2,45,5,109,62,174,3,154,43,35,12,3,360,89,302,541,1,7
2013-06-16,5,134,19,182,5,115,27,11,27,59,17,111,4,46,101,2,46,3,117,82,172,11,160,47,47,8,2,357,59,304,560,1,4
2013-06-23,4,108,22,172,3,80,12,8,19,56,27,84,1,35,100,2,40,7,86,61,191,10,165,37,29,9,2,342,84,290,517,1,6
2013-06-30,6,138,25,179,1,84,20,19,22,78,16,120,2,73,122,1,32,5,131,74,227,17,187,41,48,9,2,366,82,338,586,1,6
2013-07-07,4,154,18,192,3,141,16,16,21,78,10,119,2,60,88,1,45,4,101,75,196,8,194,46,33,23,2,380,92,293,581,1,6
2013-07-14,6,116,29,173,8,102,20,26,36,81,7,118,3,52,104,1,38,7,114,80,218,15,202,41,31,10,1,396,89,297,584,2,7
2013-07-21,7,101,38,155,2,96,7,14,19,59,10,131,5,61,88,1,53,13,95,66,205,12,171,37,37,6,1,358,77,254,516,2,8
2013-07-28,3,104,17,157,2,100,9,14,21,53,10,97,5,33,83,2,45,6,94,60,192,14,182,36,38,6,1,304,82,249,408,1,9
2013-08-04,5,121,21,147,3,66,17,9,25,56,16,100,3,42,59,2,31,7,77,60,166,10,153,26,35,7,1,329,63,251,452,1,5
2013-08-11,10,113,17,129,1,80,13,16,18,70,11,69,3,37,71,2,41,4,68,55,155,9,143,34,30,11,2,291,65,198,394,1,8
2013-08-18,3,112,13,139,6,91,6,18,19,67,11,90,1,44,77,2,36,4,78,50,155,10,165,34,44,4,1,300,71,238,399,2,6
2013-08-25,6,98,18,127,5,63,13,12,17,61,11,69,4,29,82,1,31,7,77,57,142,9,149,26,32,3,1,266,59,192,380,2,2
2013-09-01,2,109,19,151,1,65,13,14,20,63,6,91,4,26,74,1,37,8,71,54,151,7,138,23,28,12,1,286,69,195,357,2,6
2013-09-08,4,92,21,148,1,77,16,4,27,57,6,77,3,46,55,1,49,7,79,53,179,6,157,30,34,9,2,301,70,196,389,3,8
2013-09-15,3,99,23,149,4,99,13,14,19,60,9,85,3,25,71,1,47,11,76,51,171,16,148,24,35,6,2,275,77,232,380,1,5
2013-09-22,6,94,25,149,2,88,10,19,23,65,8,85,3,39,68,1,42,6,76,73,147,11,171,39,33,7,2,301,66,204,396,1,4
2013-09-29,9,116,21,178,1,86,15,14,15,51,7,94,3,32,75,1,39,4,87,55,180,11,162,31,34,7,3,309,68,194,388,1,3
2013-10-06,5,117,25,145,1,99,11,16,22,67,6,90,1,45,73,1,36,4,82,52,167,9,123,35,34,9,3,287,57,221,366,1,4
2013-10-13,4,107,13,163,2,91,12,14,22,65,11,90,2,46,90,1,37,4,76,77,174,8,153,40,42,8,3,328,72,227,416,1,6
2013-10-20,4,105,24,179,2,89,11,19,36,73,13,69,4,32,87,1,41,3,80,53,164,10,163,23,29,11,1,308,73,227,435,1,2
2013-10-27,3,107,19,161,5,90,8,12,22,68,6,89,3,40,65,1,40,3,87,72,182,14,153,24,32,8,2,303,59,216,394,1,4
2013-11-03,4,117,22,161,2,93,15,12,27,61,8,69,1,32,66,1,49,3,97,58,147,13,147,34,26,11,1,298,48,191,366,1,4
2013-11-10,7,108,26,158,4,97,14,16,20,86,11,78,1,45,103,1,47,2,80,58,169,11,185,25,36,14,3,373,61,244,382,1,5
2013-11-17,6,117,18,170,6,95,17,15,21,80,9,102,3,35,97,1,43,7,98,76,172,12,174,26,35,11,1,360,67,230,414,1,10
2013-11-24,5,96,21,143,1,84,10,17,26,73,6,74,2,42,67,1,35,5,89,58,147,11,147,29,27,16,2,320,60,202,397,1,7
2013-12-01,7,97,25,141,2,83,16,15,22,70,5,85,5,42,78,2,50,8,112,49,174,13,159,33,45,14,3,294,64,201,360,1,2
2013-12-08,5,102,24,163,4,101,10,8,20,68,19,60,2,34,72,1,46,4,90,66,165,12,166,21,36,9,3,319,66,211,403,1,4
2013-12-15,3,98,15,121,3,75,13,7,18,70,7,62,3,22,62,2,45,1,69,49,159,14,136,31,26,7,3,263,53,177,347,1,2
2013-12-22,7,90,9,109,1,63,10,13,16,45,8,63,1,25,47,4,29,1,65,53,124,8,127,24,28,11,1,248,52,179,324,1,7
2013-12-29,4,108,16,309,12,127,8,15,5,16,2,75,1,113,72,5,75,7,160,61,93,11,181,30,54,17,1,238,125,172,250,1,7
2014-01-05,6,128,15,279,13,124,9,12,3,22,6,65,4,123,89,1,78,13,150,68,104,15,184,35,64,12,1,271,110,208,249,1,7
2014-01-12,3,131,15,218,3,102,15,28,6,24,11,68,7,137,82,5,64,11,168,50,96,21,159,43,64,5,1,240,99,248,211,1,3
2014-01-19,6,141,16,211,5,115,6,23,10,33,11,72,4,166,91,4,67,9,194,42,113,12,166,44,52,8,2,262,91,217,241,1,2
2014-01-26,5,117,17,154,4,72,6,18,6,21,18,56,2,95,78,1,56,13,224,36,116,9,169,44,51,11,2,218,79,173,201,1,7
2014-02-02,2,84,16,135,3,88,8,18,13,28,9,50,3,102,59,2,49,6,209,26,127,7,163,58,51,15,1,257,92,155,212,1,5
2014-02-09,9,112,22,116,3,58,7,21,11,24,10,51,3,91,59,4,44,8,232,20,127,11,149,51,52,13,3,268,93,176,166,1,4
2014-02-16,4,90,25,104,1,47,10,21,11,20,12,52,7,77,73,5,49,10,208,32,151,14,186,39,64,10,2,260,66,147,211,1,4
2014-02-23,9,83,16,66,2,36,10,13,10,21,7,34,2,71,64,19,26,8,205,30,128,13,128,45,57,6,1,240,66,148,164,1,14
2014-03-02,6,67,21,71,5,29,13,29,10,29,12,36,4,63,61,8,27,28,198,24,138,13,132,72,54,14,1,228,62,144,187,1,7
2014-03-09,17,99,15,66,4,40,10,13,18,27,6,25,5,76,58,2,30,36,201,33,175,20,138,73,54,12,2,249,72,130,179,1,4
2014-03-16,8,70,16,60,2,32,17,13,20,29,7,34,3,58,68,2,24,42,181,19,142,13,141,80,56,7,2,260,62,152,194,1,4
2014-03-23,10,60,18,81,2,28,16,7,28,26,8,38,7,46,78,6,29,19,197,23,154,12,131,66,47,10,2,261,44,138,149,1,6
2014-03-30,7,89,15,55,2,32,19,13,15,54,10,54,10,58,87,6,22,18,209,14,207,13,153,84,49,5,1,329,49,168,231,1,20
2014-04-06,5,56,6,35,1,37,15,14,34,52,9,43,8,35,71,5,20,19,189,18,165,10,138,93,46,10,2,268,40,171,201,1,23
2014-04-13,6,63,11,44,5,26,21,15,18,40,4,38,14,36,69,2,20,18,202,10,149,14,135,56,46,17,2,290,36,154,158,1,10
2014-04-20,6,82,5,48,13,38,30,14,23,45,5,37,7,43,69,1,20,18,201,14,189,20,126,68,40,17,4,307,32,150,197,1,8
2014-04-27,12,95,15,48,2,30,20,15,43,42,9,31,4,49,68,3,16,18,180,15,190,10,153,68,41,14,2,273,36,136,198,1,8
2014-05-04,9,78,13,42,2,34,14,15,29,51,11,36,9,43,81,1,22,21,137,10,193,20,142,54,38,8,2,331,43,142,185,1,4
2014-05-11,5,59,10,40,1,53,16,16,32,75,7,49,4,48,66,4,10,16,162,15,216,29,135,73,48,5,2,285,39,112,180,1,2
2014-05-18,4,79,24,43,1,51,9,15,34,88,5,59,9,59,48,3,19,16,175,19,233,11,156,51,39,4,2,321,49,134,206,1,10
2014-05-25,7,64,16,35,3,43,5,14,33,61,2,55,2,51,75,2,18,12,154,16,230,16,120,39,37,6,1,281,48,108,154,1,6
2014-06-01,3,95,19,32,1,59,8,11,19,87,4,66,9,82,59,4,21,15,131,25,257,20,178,42,36,13,1,315,71,121,206,1,2
2014-06-08,10,99,16,50,2,72,8,8,28,97,12,73,13,80,74,1,30,21,123,15,216,16,164,44,49,11,1,358,57,150,206,1,2
2014-06-15,5,78,24,34,2,44,8,13,15,91,6,77,3,63,66,1,35,14,98,34,158,18,147,25,41,18,1,315,61,133,193,1,1
2014-06-22,6,103,21,53,4,53,2,20,18,66,4,70,1,89,64,8,25,14,73,14,135,16,151,20,47,15,1,289,71,118,153,1,1
2014-06-29,12,146,20,41,8,53,12,16,19,103,11,73,1,94,80,5,24,25,89,21,178,12,184,10,54,18,1,355,65,159,198,1,1
2014-07-06,14,143,23,62,7,62,18,16,18,69,2,72,5,99,66,6,17,21,106,30,195,8,169,13,57,17,1,392,67,161,209,1,4
2014-07-13,7,148,22,45,5,56,7,29,4,61,4,57,5,107,68,11,25,18,111,23,165,5,183,22,60,13,1,392,89,152,191,3,3
2014-07-20,13,172,16,73,3,44,13,30,9,71,6,53,7,92,58,6,26,29,100,14,213,4,168,23,77,12,1,345,79,122,213,3,8
2014-07-27,9,202,11,61,2,41,12,19,12,60,11,45,1,79,69,7,10,28,91,16,136,10,156,28,88,20,1,346,92,140,222,2,1
2014-08-03,7,186,13,50,4,33,5,21,8,39,10,38,3,82,64,4,17,16,91,15,145,5,148,16,75,8,1,297,84,131,219,2,2
2014-08-10,10,215,12,57,2,29,14,12,8,48,1,39,3,109,61,4,11,20,71,17,164,1,149,16,86,11,1,316,64,124,205,2,2
2014-08-17,16,172,11,58,1,54,7,14,8,47,10,46,4,135,57,3,18,24,81,13,181,4,149,22,75,15,1,281,85,114,207,2,1
2014-08-24,24,177,14,50,1,38,14,15,4,24,7,51,2,84,62,4,11,22,67,16,129,7,153,9,83,11,1,256,79,157,173,1,1
2014-08-31,16,216,8,62,1,54,3,14,12,23,7,62,4,134,55,4,12,12,62,22,110,8,131,14,107,19,1,282,90,130,194,1,1
2014-09-07,21,217,6,91,1,82,10,19,7,51,3,60,3,126,60,5,16,9,68,34,148,10,147,24,98,11,1,328,106,135,224,1,2
2014-09-14,23,217,14,146,1,89,6,22,4,39,10,66,3,94,51,4,24,11,79,32,172,8,159,14,98,23,4,313,108,155,182,1,2
2014-09-21,25,195,5,169,1,93,9,14,4,40,7,72,3,103,64,5,18,4,50,27,150,4,151,18,101,22,1,235,153,149,197,1,2
2014-09-28,20,175,7,147,1,64,8,20,6,33,3,86,6,126,67,3,29,11,63,34,153,14,157,26,98,19,1,280,152,155,187,1,2
2014-10-05,5,185,6,219,1,87,4,24,5,31,5,103,1,126,72,5,20,2,69,38,118,8,185,19,75,23,1,231,170,136,174,1,1
2014-10-12,9,137,3,250,4,63,8,13,8,26,6,86,2,134,98,5,36,1,63,41,100,22,238,9,68,26,1,253,251,108,168,1,1
2014-10-19,6,171,5,296,9,74,8,14,7,38,7,119,3,86,94,1,45,4,49,52,115,21,258,23,73,12,1,264,245,145,169,1,2
2014-10-26,4,150,3,344,2,64,6,11,6,32,4,117,3,74,82,3,42,7,57,33,104,13,249,11,78,12,8,186,191,152,159,1,2
2014-11-02,2,136,9,301,1,60,2,15,4,40,4,95,3,80,61,3,45,7,57,41,96,14,248,15,77,18,5,232,137,146,160,1,2
2014-11-09,2,129,3,349,1,56,1,11,1,34,4,100,3,79,88,1,37,3,65,43,93,18,252,11,86,14,6,220,131,120,170,1,2
2014-11-16,6,130,12,281,2,35,6,20,4,33,6,107,2,81,99,1,28,4,68,27,106,12,207,10,61,14,9,203,133,136,181,1,2
2014-11-23,5,102,4,224,2,49,3,22,7,27,3,129,1,36,92,2,23,5,83,25,92,8,167,16,61,17,6,207,88,156,187,1,2
2014-11-30,7,140,10,221,3,49,12,27,13,24,7,89,2,45,107,2,11,6,136,29,103,14,183,20,73,14,6,242,104,168,201,1,1
2014-12-07,15,160,10,202,2,60,10,19,21,29,9,85,5,48,126,1,17,5,157,34,72,6,161,20,68,25,9,248,100,222,193,1,1
2014-12-14,11,163,5,137,6,35,10,32,15,20,9,90,4,36,106,5,20,1,196,26,93,11,156,17,75,13,6,209,96,238,244,1,1
2014-12-21,4,165,9,132,7,32,12,26,14,23,5,55,3,32,105,4,20,1,186,20,111,6,112,22,62,13,5,192,54,337,273,1,1
2014-12-28,10,239,40,143,7,47,13,28,12,31,8,55,2,35,123,4,18,1,243,18,115,12,108,37,56,20,9,217,73,455,288,1,1
2015-01-04,7,256,10,98,7,52,4,31,18,40,17,82,8,50,132,3,23,3,147,13,147,9,79,28,74,13,2,234,44,413,353,1,1
2015-01-11,10,177,8,71,7,40,2,20,22,29,9,53,1,30,153,3,26,2,147,8,131,5,72,27,66,11,3,182,28,302,357,1,1
2015-01-18,15,115,8,67,7,30,7,13,12,37,14,66,6,23,121,2,14,10,116,13,154,6,57,19,70,8,1,178,42,281,426,1,1
2015-01-25,8,122,9,53,7,29,22,14,14,54,13,36,4,28,96,2,17,2,92,11,163,7,34,25,55,6,1,157,36,275,455,1,2
2015-02-01,10,116,16,61,7,31,8,13,17,71,26,51,7,25,88,1,12,6,98,7,198,15,63,39,84,15,1,159,34,283,551,1,2
2015-02-08,9,84,18,41,7,27,14,21,15,96,14,41,3,36,127,2,12,4,98,11,186,5,38,27,71,10,1,159,41,262,507,1,2
2015-02-15,11,84,11,41,7,28,14,27,15,62,11,56,2,18,90,2,10,8,108,15,295,11,39,43,56,8,1,182,35,231,572,1,3
2015-02-22,10,66,9,32,7,35,14,11,15,56,23,53,10,24,87,2,10,5,82,7,277,25,51,37,55,11,1,165,31,222,495,1,3
2015-03-01,12,80,7,48,7,23,16,20,17,83,23,70,4,13,68,2,9,4,72,12,296,12,49,31,74,10,1,167,32,238,622,1,2
2015-03-08,6,58,8,27,7,18,15,21,23,60,16,68,5,21,53,1,13,3,88,11,285,17,46,33,76,15,1,189,26,253,557,1,2
2015-03-15,12,63,18,27,7,14,11,26,15,60,15,71,7,10,52,4,11,6,83,12,290,12,56,20,77,31,1,184,33,213,532,1,1
2015-03-22,1,71,15,21,7,9,6,8,12,70,10,42,7,9,61,1,9,8,72,13,239,13,41,21,72,11,1,193,36,183,478,1,1
2015-03-29,2,66,8,26,7,9,19,14,14,34,8,53,13,9,56,4,9,1,60,12,179,10,43,15,70,18,1,220,24,161,531,1,1
2015-04-05,5,80,14,35,7,14,13,26,8,52,8,47,4,13,75,3,8,10,61,15,272,14,56,32,90,11,1,239,24,171,716,1,1
2015-04-12,1,56,15,32,7,14,16,24,13,83,13,42,1,8,46,1,9,4,58,7,204,17,49,39,114,23,1,229,20,153,515,1,1
2015-04-19,1,47,9,21,7,15,13,75,21,68,10,40,9,11,44,2,7,6,77,10,204,8,67,31,108,21,1,203,18,146,468,1,4
2015-04-26,1,53,12,17,7,11,12,58,16,51,13,55,18,14,42,3,7,8,67,8,202,11,66,27,117,14,1,215,27,140,637,1,3
2015-05-03,2,59,13,19,7,15,22,19,19,61,14,40,16,20,60,3,6,9,66,10,174,3,71,27,110,35,1,209,34,137,601,1,5
2015-05-10,2,55,15,25,7,21,27,25,16,63,14,45,14,18,54,8,14,13,86,12,150,4,90,32,119,31,1,208,43,105,540,1,3
2015-05-17,2,56,19,25,7,16,25,13,11,48,16,28,3,23,55,5,14,6,85,6,147,9,75,20,133,62,1,226,39,119,456,1,1
2015-05-24,2,45,23,23,7,9,33,20,16,56,11,40,5,17,51,3,11,15,70,9,150,3,71,25,140,51,2,183,33,129,472,1,1
2015-05-31,2,66,22,16,7,28,32,16,17,25,7,61,4,21,36,4,4,11,81,17,117,8,80,11,116,29,2,198,52,108,473,1,7
2015-06-07,2,74,18,25,7,28,16,28,13,49,5,64,6,21,40,3,6,4,55,32,101,8,70,21,95,33,2,194,36,97,359,1,8
2015-06-14,2,116,14,35,7,24,17,14,7,36,9,72,7,31,39,2,10,4,69,36,99,5,62,24,92,28,2,168,41,95,361,1,7
2015-06-21,2,80,9,16,7,38,18,7,6,14,10,72,7,28,34,2,10,2,53,30,98,9,65,8,103,34,2,162,55,106,374,1,4
2015-06-28,1,116,8,33,7,31,18,20,6,25,3,87,4,39,40,2,18,3,99,26,90,2,67,16,115,42,2,135,68,116,353,1,3
2015-07-05,1,116,9,44,7,51,22,21,6,29,9,75,3,24,43,2,9,4,90,21,60,1,90,24,104,28,1,158,80,117,334,1,3
2015-07-12,1,111,9,50,7,26,16,13,8,21,9,62,3,16,48,1,7,5,73,15,63,2,56,15,80,29,1,155,73,115,347,1,2
2015-07-19,1,110,10,43,7,31,14,31,8,25,13,90,6,9,36,4,7,2,74,13,59,1,70,15,75,21,1,159,67,92,288,1,1
2015-07-26,1,85,13,47,7,33,27,28,12,23,7,73,2,32,31,1,9,5,74,11,51,3,80,14,84,22,1,144,55,107,288,1,5
2015-08-02,1,97,16,46,7,40,17,44,7,15,5,94,2,26,33,1,10,3,61,11,46,3,82,12,59,23,1,131,65,112,293,1,5
2015-08-09,1,96,19,51,7,56,11,36,3,12,4,85,3,31,29,1,7,4,64,13,54,5,71,10,55,19,1,137,55,106,240,1,2
2015-08-16,1,119,20,54,7,65,11,46,10,15,9,81,4,36,36,1,9,4,62,13,34,1,79,4,53,21,1,118,72,100,281,1,2
2015-08-23,1,121,23,68,7,68,14,37,7,26,4,67,5,40,34,1,11,5,62,23,55,1,69,13,56,37,1,109,87,142,231,1,2
2015-08-30,1,121,19,80,7,103,7,20,14,24,6,78,5,25,40,1,13,4,81,17,48,2,76,11,55,46,1,119,79,142,223,1,2
2015-09-06,1,172,16,82,7,122,18,25,10,17,12,86,4,34,40,1,11,6,87,23,63,3,86,11,58,37,1,117,86,128,228,1,3
2015-09-13,1,175,12,69,7,93,18,26,10,35,11,77,5,42,46,1,12,6,114,34,46,2,93,5,55,36,1,139,86,158,258,1,2
2015-09-20,1,194,11,101,7,114,15,24,11,25,8,112,8,49,57,2,23,4,86,28,56,10,76,12,67,35,1,123,80,173,230,1,2
2015-09-27,1,191,12,103,7,162,30,18,9,22,10,87,5,44,43,2,19,3,94,32,45,7,84,11,50,27,7,125,94,161,220,1,4
2015-10-04,1,170,9,143,7,136,24,15,7,24,9,78,6,51,67,2,26,3,100,49,38,7,60,21,47,37,4,97,109,185,199,1,3
2015-10-11,1,206,11,122,7,120,26,31,17,20,11,117,3,52,41,2,32,4,82,35,47,4,83,10,43,30,18,124,97,152,199,1,1
2015-10-18,1,213,13,122,7,123,20,26,19,20,7,141,4,47,58,3,24,4,108,62,50,9,97,15,50,28,18,128,112,186,215,1,1
2015-10-25,1,202,14,156,7,146,20,13,17,24,10,131,5,54,62,3,17,4,126,61,40,9,102,15,40,33,10,93,109,233,186,1,1
2015-11-01,1,175,14,228,7,130,29,16,21,26,11,167,7,74,65,3,23,1,96,74,56,10,106,21,52,32,20,110,90,255,231,1,5
2015-11-08,1,186,11,249,7,140,28,10,31,27,12,166,8,60,62,2,50,2,121,77,66,4,141,23,33,36,8,118,81,244,245,1,3
2015-11-15,1,162,12,253,7,124,35,10,28,24,9,161,7,66,75,2,26,5,156,81,57,11,123,22,39,35,9,114,95,275,250,1,4
2015-11-22,3,175,20,248,7,124,24,12,31,17,15,172,3,49,71,2,24,2,144,71,50,6,124,11,29,31,6,142,67,226,281,1,4
2015-11-29,3,206,18,251,7,124,20,8,35,24,12,205,4,61,53,2,29,1,177,59,33,9,141,22,32,28,14,108,53,229,300,1,3
2015-12-06,3,219,18,262,7,128,18,11,42,14,26,148,6,54,73,2,43,4,156,92,31,9,175,35,39,35,10,110,78,256,358,1,2
2015-12-13,1,246,22,244,7,109,23,13,29,13,15,155,10,56,72,2,35,4,184,76,38,9,191,35,26,20,6,137,42,285,393,1,2
2015-12-20,2,297,28,198,7,71,17,17,24,16,22,187,4,46,67,3,25,1,160,73,41,7,162,28,37,34,3,127,37,211,368,1,4
2015-12-27,1,366,21,134,7,72,17,23,39,14,30,140,6,79,104,6,21,2,212,64,50,16,170,29,33,42,1,147,36,199,474,1,5
2016-01-03,1,387,25,129,7,69,21,24,43,27,27,118,7,62,186,10,19,7,179,49,57,27,145,40,42,39,3,150,40,262,567,1,3
2016-01-10,2,452,29,120,7,67,35,23,50,31,33,62,4,73,180,9,16,7,187,66,53,18,134,51,48,57,1,159,28,269,716,1,1
2016-01-17,10,421,28,95,7,46,44,40,55,26,24,76,8,56,167,8,9,7,205,27,87,25,112,67,58,75,6,216,30,279,802,1,5
2016-01-24,4,418,29,57,7,50,48,23,61,30,27,71,10,44,147,10,17,8,190,22,75,19,67,63,51,63,3,183,27,209,862,2,2
2016-01-31,3,440,19,66,7,39,61,29,87,56,26,47,7,40,175,18,6,8,163,19,99,11,93,67,86,93,5,194,28,230,1069,2,3
2016-02-07,3,452,20,53,7,30,64,25,44,22,28,28,5,23,165,17,4,4,177,21,82,15,74,62,77,86,3,240,13,214,1126,1,2
2016-02-14,5,395,11,40,7,29,50,21,66,31,25,22,3,26,168,16,5,10,141,7,83,14,45,48,94,98,2,209,24,208,1111,1,2
2016-02-21,3,413,25,24,7,24,52,24,38,30,28,22,4,25,172,3,4,11,101,8,76,2,31,42,96,84,2,192,13,151,958,1,2
2016-02-28,3,430,8,28,7,28,54,15,53,52,28,12,8,12,169,12,3,11,123,9,80,11,51,59,88,110,2,202,13,141,1090,1,3
2016-03-06,2,332,8,18,7,25,43,18,47,60,20,17,1,21,166,9,4,12,111,3,88,17,46,57,96,106,2,243,9,127,919,1,5
2016-03-13,1,364,5,17,7,31,58,28,15,22,18,22,10,15,142,16,1,8,85,2,65,17,47,34,98,84,1,192,16,112,654,1,4
2016-03-20,2,431,4,20,7,20,68,28,22,22,23,10,9,15,139,8,2,8,85,4,68,6,48,38,94,91,1,219,18,113,626,1,3
2016-03-27,2,552,8,21,7,16,103,24,18,33,28,12,10,13,232,16,2,7,78,7,97,13,57,69,117,128,3,266,10,184,811,1,1
2016-04-03,3,485,1,24,7,19,67,26,34,23,28,13,4,10,151,4,2,6,71,6,100,15,52,46,93,89,1,199,9,123,734,2,7
2016-04-10,4,588,8,16,7,25,70,27,27,17,26,12,16,22,183,6,1,23,48,7,71,18,53,48,90,110,1,258,18,99,755,2,9
2016-04-17,3,575,2,16,7,22,72,21,24,27,25,13,12,12,143,5,1,16,59,4,81,7,58,40,98,113,1,208,21,97,643,2,4
2016-04-24,3,653,9,17,7,16,77,22,18,38,31,5,16,8,156,4,3,9,58,4,73,17,60,45,90,120,1,212,12,76,635,2,4
2016-05-01,4,668,6,25,7,18,69,18,11,21,36,8,14,5,143,2,1,14,49,3,73,17,68,49,74,95,1,204,10,99,732,2,7
2016-05-08,1,693,9,25,7,30,63,27,12,38,31,19,9,12,115,2,2,13,49,6,68,13,58,25,59,105,1,206,23,113,869,2,6
2016-05-15,1,775,4,34,7,39,77,25,9,19,23,19,15,5,120,2,1,8,53,15,81,9,62,31,76,112,1,210,23,118,865,2,13
2016-05-22,1,769,6,16,7,23,57,19,10,18,33,12,21,6,90,4,2,7,40,8,80,9,63,32,73,118,1,168,16,112,741,2,7
2016-05-29,1,806,2,29,7,27,44,14,4,22,27,18,23,4,96,1,3,12,56,8,78,12,49,25,68,87,1,187,18,135,717,1,5
2016-06-05,1,821,5,22,7,29,45,20,6,22,11,13,20,17,93,1,2,14,51,6,65,16,35,16,63,78,1,154,33,128,747,1,12
2016-06-12,6,835,4,29,7,18,44,25,10,22,21,17,5,9,74,1,2,8,52,8,60,5,44,15,57,69,1,133,11,136,667,1,8
2016-06-19,4,839,2,19,7,17,31,15,8,8,26,17,12,11,64,1,1,1,59,4,56,10,34,20,50,63,1,130,21,89,579,1,5
2016-06-26,2,796,2,23,7,24,26,21,8,10,9,16,5,16,47,1,4,2,48,3,51,10,41,6,39,51,1,109,23,80,497,1,1
2016-07-03,2,897,1,10,7,29,28,25,8,14,9,14,3,10,72,1,4,2,49,9,39,9,39,12,34,59,1,99,18,105,438,1,2
2016-07-10,2,825,1,16,7,29,32,10,9,13,14,16,5,13,47,2,6,4,60,4,41,9,38,20,34,55,1,116,19,75,402,1,4
2016-07-17,1,713,1,18,7,43,30,13,7,9,15,27,5,6,46,1,1,3,33,6,31,3,37,16,43,61,1,87,12,59,297,1,2
2016-07-24,1,745,1,15,7,21,19,9,5,5,15,22,14,6,33,1,4,6,39,14,30,11,48,5,27,49,1,106,20,64,242,1,1
2016-07-31,1,747,1,16,7,28,18,8,11,5,6,14,6,7,27,1,3,2,30,10,29,8,38,19,28,35,2,117,15,72,286,1,1
2016-08-07,1,752,1,13,7,13,13,9,11,7,7,8,2,8,23,1,5,4,41,4,32,5,32,16,26,25,4,97,18,73,231,1,5
2016-08-14,2,809,2,16,7,18,26,12,6,8,7,12,5,8,29,2,4,3,34,14,21,3,29,11,36,24,2,84,23,47,230,1,3
2016-08-21,2,711,2,10,7,12,16,8,2,12,2,12,5,10,25,2,1,6,36,14,24,5,42,6,20,23,1,87,15,64,223,1,1
2016-08-28,2,663,2,10,7,14,20,9,4,7,5,15,7,10,25,2,2,2,33,15,31,5,29,8,29,29,1,87,17,47,194,1,3
2016-09-04,1,586,1,8,7,10,26,6,6,5,7,11,3,10,5,2,1,2,51,7,22,6,39,8,23,21,1,74,13,65,195,1,1
2016-09-11,1,535,1,20,7,12,26,11,1,7,5,16,4,6,15,1,5,3,45,11,15,4,28,22,29,17,2,59,12,63,175,1,1
2016-09-18,1,518,1,14,7,20,24,5,2,11,5,16,9,8,17,1,4,1,46,5,25,5,31,11,13,14,2,54,7,64,195,1,2
2016-09-25,1,517,1,13,7,11,31,3,2,6,3,14,3,6,11,1,3,1,43,14,20,5,40,21,14,22,2,58,9,61,145,1,3
2016-10-02,2,385,1,13,7,10,28,1,3,8,5,19,2,7,12,1,4,1,32,8,20,7,26,11,25,16,2,70,13,43,156,1,3
2016-10-09,2,400,2,13,7,15,29,4,1,6,6,10,1,4,18,1,9,2,41,8,15,9,26,9,10,19,2,65,10,57,140,1,3
2016-10-16,2,371,7,22,7,17,25,5,3,13,2,19,2,7,25,1,9,2,58,8,20,4,37,10,16,19,2,45,14,75,194,1,6
2016-10-23,2,344,2,19,7,14,25,4,3,12,4,23,3,8,25,1,6,2,65,7,16,4,44,5,16,15,2,47,12,75,155,1,4
2016-10-30,2,289,3,20,7,12,32,3,3,11,3,14,3,9,22,1,5,2,66,13,22,4,46,3,19,11,2,55,13,81,164,1,3
2016-11-06,2,280,1,18,7,14,19,5,3,11,2,24,3,6,18,2,5,3,65,7,18,9,54,14,15,12,1,59,31,86,148,1,2
2016-11-13,1,281,1,18,7,14,19,4,3,7,2,20,3,12,18,2,6,3,70,8,16,7,51,13,17,11,1,70,18,88,165,1,1
2016-11-20,2,260,2,23,7,8,20,4,3,5,9,17,5,10,20,2,5,3,84,3,24,5,46,12,11,11,1,57,20,80,194,1,6
2016-11-27,2,235,2,19,7,15,18,6,3,5,3,15,1,6,16,2,3,3,84,4,12,3,61,15,15,5,1,67,10,103,137,1,4
2016-12-04,2,175,2,17,7,16,25,3,3,5,2,21,1,9,11,1,2,6,95,3,19,6,64,16,19,7,1,67,19,65,155,1,2
2016-12-11,1,205,2,21,7,10,27,1,6,4,1,21,1,10,23,1,5,1,88,6,21,12,54,7,20,8,1,50,10,85,200,1,1
2016-12-18,2,177,2,17,7,11,31,3,3,9,2,19,1,6,27,1,4,3,82,5,21,5,40,7,19,11,1,43,4,103,155,1,1
2016-12-25,2,175,3,16,7,10,35,1,5,11,4,20,1,4,26,1,4,1,70,4,24,5,27,9,19,6,1,45,11,87,189,1,2
2017-01-01,2,150,4,11,7,19,19,2,4,8,7,8,2,16,35,1,3,5,58,7,24,2,37,8,25,7,1,53,12,95,196,1,2
2017-01-08,3,157,5,7,7,13,16,1,4,8,3,11,1,16,19,1,2,5,44,9,24,1,24,15,17,6,1,41,7,106,198,1,1
2017-01-15,3,143,12,3,7,8,14,1,3,4,3,18,1,18,23,1,1,2,42,7,32,2,17,8,22,5,1,60,12,90,260,1,2
2017-01-22,2,108,5,6,7,12,13,4,2,12,1,9,1,10,22,1,1,2,37,4,28,3,13,8,15,9,1,46,9,79,227,1,4
2017-01-29,1,101,6,6,7,9,4,2,2,5,2,8,1,8,27,1,1,1,30,6,21,4,19,11,19,5,1,36,7,99,209,1,3
2017-02-05,2,106,4,3,7,15,5,2,3,8,3,8,1,7,26,1,4,2,35,11,24,5,32,8,20,4,1,31,13,77,175,1,2
2017-02-12,2,77,6,3,7,5,9,3,7,6,2,4,2,11,26,1,2,2,26,9,19,3,18,7,13,7,1,31,6,65,150,1,1
2017-02-19,1,70,6,3,7,5,4,1,10,9,3,7,2,4,21,1,3,1,21,1,18,2,16,11,17,8,1,31,5,63,132,1,1
2017-02-26,2,83,2,6,7,7,6,7,3,6,2,2,7,7,15,1,4,3,26,6,17,4,34,7,9,5,1,28,9,53,129,1,2
2017-03-05,3,88,1,4,7,7,13,6,8,8,2,8,4,7,15,1,5,4,21,5,25,2,20,4,8,4,1,33,9,57,97,1,2
2017-03-12,1,73,2,3,7,3,5,2,4,6,1,3,1,6,11,1,3,2,22,7,26,2,25,3,12,3,1,20,4,46,110,1,2
2017-03-19,1,69,5,6,7,4,14,3,8,8,2,14,3,5,11,1,3,1,17,2,22,3,18,9,12,7,1,19,7,42,104,1,2
2017-03-26,1,65,8,3,7,5,4,2,11,11,2,12,3,6,18,1,5,1,30,2,26,2,26,7,15,3,1,28,9,49,110,1,2
2017-04-02,1,83,6,5,7,8,6,3,3,5,1,4,2,5,16,1,6,1,29,3,23,1,25,12,13,1,1,37,8,59,110,1,2
2017-04-09,1,77,2,2,7,11,5,3,6,6,2,8,2,7,15,1,5,2,19,4,20,3,18,8,13,2,1,29,8,54,108,1,2
2017-04-16,1,88,7,7,7,11,2,3,6,6,1,10,2,4,10,1,4,4,24,2,27,1,16,14,13,4,1,35,7,59,103,1,2
2017-04-23,1,75,6,17,7,8,2,2,8,6,1,6,1,4,13,1,2,7,27,1,27,1,23,2,10,2,1,38,8,36,99,1,1
2017-04-30,1,77,5,16,7,6,1,1,3,14,1,8,1,6,27,1,2,2,29,1,28,6,28,5,12,1,1,37,10,61,97,1,1
2017-05-07,2,81,7,7,7,8,1,1,4,5,2,10,2,12,21,1,1,3,33,5,39,3,15,5,11,2,1,36,8,44,100,1,1
2017-05-14,3,79,9,17,7,6,2,1,5,17,4,4,2,13,16,1,6,4,25,4,33,1,19,7,14,7,1,37,6,74,113,1,1
2017-05-21,3,90,5,12,7,3,1,4,1,12,1,10,1,19,22,1,4,2,16,2,28,2,22,5,4,2,1,46,13,73,109,1,1
2017-05-28,3,81,1,13,7,9,5,3,5,7,3,15,2,14,28,1,10,4,27,1,26,3,21,8,10,1,1,41,15,68,78,1,1
2017-06-04,3,82,8,12,7,13,3,1,4,10,3,18,1,11,17,1,3,2,20,1,28,4,28,5,10,1,1,43,5,88,84,1,1
2017-06-11,3,78,3,6,7,11,2,1,8,5,2,13,1,19,21,1,6,4,14,1,33,2,18,7,10,3,1,35,9,68,77,1,1
2017-06-18,3,65,6,10,7,9,4,2,4,10,2,9,2,13,13,1,5,6,18,2,16,2,18,2,7,5,1,42,9,59,65,1,1
2017-06-25,3,87,9,9,7,17,4,2,3,12,5,13,2,6,14,1,3,6,21,2,23,2,17,7,7,2,1,33,17,75,74,1,1
2017-07-02,2,100,9,15,7,12,3,2,5,24,4,22,2,16,15,1,5,3,16,4,23,4,16,4,7,1,1,35,14,62,75,1,1
2017-07-09,3,110,3,10,7,9,3,5,3,13,4,25,3,15,14,1,3,5,18,1,46,2,8,7,9,3,1,57,13,50,62,1,3
2017-07-16,1,92,11,11,7,12,5,2,2,12,2,24,2,16,15,1,1,3,27,2,32,2,17,8,12,1,1,34,8,45,58,1,2
2017-07-23,1,97,8,9,7,18,4,3,2,19,2,19,1,14,13,1,3,1,29,2,31,3,13,7,5,1,1,42,12,47,76,1,2
2017-07-30,3,87,7,21,7,12,1,2,2,10,2,15,1,14,24,1,2,1,29,3,28,3,15,5,11,3,1,40,6,40,50,1,2
2017-08-06,1,76,17,19,7,6,2,1,5,18,1,15,2,16,23,1,2,2,30,2,29,4,25,4,11,4,1,49,18,51,55,1,1
2017-08-13,1,57,10,15,7,13,1,1,8,9,1,8,2,14,20,1,3,1,21,3,26,5,34,6,10,6,1,49,5,57,56,1,1
2017-08-20,1,73,11,27,7,12,2,1,4,7,3,15,2,11,15,1,4,1,17,2,28,2,38,7,9,4,2,56,8,50,53,1,1
2017-08-27,2,65,9,18,7,8,2,3,3,6,3,13,2,16,23,1,2,1,27,2,28,2,19,3,10,2,2,56,2,49,64,1,1
2017-09-03,2,65,15,34,7,8,1,3,5,7,3,14,1,10,25,1,1,1,14,2,22,2,18,7,9,4,2,40,2,47,52,1,1
2017-09-10,1,70,3,32,7,7,3,1,3,8,2,14,2,5,15,1,3,1,16,2,21,2,19,8,11,2,1,40,4,51,42,1,1
2017-09-17,1,69,8,32,7,7,1,1,6,3,2,15,2,12,45,1,2,3,21,1,30,3,20,3,12,6,1,35,12,51,65,1,1
2017-09-24,1,82,7,35,7,13,3,1,1,9,1,22,1,10,41,1,4,1,17,1,17,1,18,5,9,1,1,32,7,42,49,1,1
2017-10-01,1,69,7,29,7,11,2,2,6,5,1,15,1,17,40,1,2,2,20,1,16,2,32,6,10,3,1,34,7,54,61,1,1
2017-10-08,2,60,6,39,7,8,2,2,7,2,1,17,1,14,31,1,2,2,15,1,13,5,22,5,10,2,1,25,8,50,55,1,1
2017-10-15,2,61,2,51,7,10,2,5,8,2,2,10,3,11,24,1,2,2,18,1,20,1,21,1,13,4,1,24,3,39,55,1,1
2017-10-22,1,50,3,46,7,7,2,2,8,2,2,7,1,12,23,1,2,3,18,1,19,1,20,6,11,3,1,16,3,39,59,1,1
2017-10-29,1,66,3,48,7,5,1,1,6,4,1,9,1,9,30,1,1,3,15,3,23,4,21,4,9,2,1,24,7,38,49,1,1
2017-11-05,1,49,6,48,7,14,1,1,10,5,1,13,1,5,32,1,2,3,23,1,22,2,21,7,11,6,1,31,6,40,63,1,1
2017-11-12,1,47,2,58,7,7,1,2,7,3,1,9,1,20,27,1,4,2,11,3,19,4,16,4,9,4,1,26,6,54,72,1,1
2017-11-19,2,49,1,45,7,11,1,2,8,9,2,10,2,9,31,1,2,3,22,3,12,5,30,8,5,4,1,30,7,44,71,1,2
2017-11-26,3,45,7,59,7,7,1,3,10,5,2,9,2,14,13,1,1,2,17,4,14,2,19,7,9,3,1,28,11,47,90,1,3
2017-12-03,2,56,2,55,7,7,1,3,6,5,3,11,2,10,16,1,7,2,21,3,15,2,37,6,5,2,1,19,2,58,57,1,1
2017-12-10,2,44,1,88,7,8,1,1,5,5,3,17,2,14,31,1,6,4,15,5,18,1,37,7,12,6,1,30,8,48,64,1,1
2017-12-17,2,49,1,87,7,4,1,1,11,3,4,13,1,11,21,1,5,5,25,2,24,2,43,12,6,2,1,22,5,65,56,1,1
2017-12-24,2,40,1,66,7,7,1,2,1,5,5,7,1,12,22,1,14,3,12,5,24,2,40,9,9,2,1,21,2,38,50,1,1
2017-12-31,2,41,2,78,7,2,3,2,3,4,1,16,1,17,29,1,17,6,15,5,25,3,26,16,12,1,2,21,1,44,62,1,1
2018-01-07,2,63,2,112,7,7,3,2,3,3,4,11,2,10,29,1,25,3,20,11,30,1,27,19,13,2,2,22,3,68,45,1,1
2018-01-14,2,56,2,82,7,7,2,3,4,2,6,14,2,24,33,1,32,1,17,4,30,2,31,11,10,2,2,22,5,81,47,1,1
2018-01-21,2,53,2,53,7,10,2,2,2,6,3,6,1,14,26,1,38,6,21,1,12,4,29,16,11,2,2,24,9,65,37,1,1
2018-01-28,1,62,4,50,7,7,1,1,3,4,1,14,1,31,30,1,36,6,18,6,34,5,24,9,6,3,2,31,4,72,29,1,1
2018-02-04,1,55,3,46,7,7,3,1,4,2,5,10,1,20,25,1,37,6,10,3,36,2,13,15,8,3,2,27,3,42,39,1,1
2018-02-11,2,47,4,48,7,6,3,3,4,5,6,15,3,27,23,1,31,5,15,2,39,6,18,14,7,4,2,22,6,49,51,1,1
2018-02-18,2,41,4,36,7,8,2,2,6,3,8,13,3,23,16,1,23,8,15,4,31,7,12,18,6,4,2,33,8,42,38,1,1
2018-02-25,2,56,1,26,7,5,2,1,4,4,11,9,2,25,14,1,25,2,11,3,35,5,19,19,12,4,2,18,4,58,37,1,1
2018-03-04,2,65,5,24,7,2,2,1,3,9,7,9,1,18,15,1,22,4,23,3,49,6,17,16,8,4,2,33,5,36,46,1,1
2018-03-11,2,36,2,21,7,5,2,1,8,4,3,11,2,22,36,1,23,9,14,3,31,9,16,13,8,3,2,26,4,40,52,1,1
2018-03-18,2,52,2,16,7,7,2,1,2,4,2,8,3,14,22,1,23,15,15,5,47,4,25,17,6,1,2,18,6,36,32,1,1
2018-03-25,2,35,3,13,7,4,1,2,4,10,4,4,1,9,17,1,18,17,9,3,38,8,14,15,5,1,2,22,5,38,35,1,2
2018-04-01,2,50,3,11,7,7,1,1,3,8,6,3,1,15,30,1,21,17,15,4,68,8,22,17,11,2,1,12,2,46,33,1,2
2018-04-08,2,41,3,14,7,4,2,2,2,7,5,8,1,14,28,1,11,14,20,6,67,3,37,15,7,2,1,31,2,48,39,1,2
2018-04-15,2,47,5,19,7,1,1,2,3,10,3,9,1,20,29,1,31,18,18,2,65,4,31,17,12,6,1,36,4,39,44,1,2
2018-04-22,2,50,2,16,7,2,2,1,1,12,6,13,2,22,26,1,22,27,23,6,67,3,30,14,10,1,1,37,1,49,50,1,2
2018-04-29,2,52,8,14,7,4,2,1,3,21,3,5,3,21,15,1,36,34,27,4,81,2,26,14,5,2,1,36,1,50,47,1,2
2018-05-06,2,56,11,20,7,5,3,1,7,24,6,10,2,27,27,1,20,32,20,2,96,3,35,18,7,2,1,43,3,41,58,1,2
2018-05-13,2,44,6,23,7,9,2,1,5,22,3,7,2,42,33,1,30,36,32,5,121,7,40,21,8,1,1,47,6,66,65,1,1
2018-05-20,2,48,15,13,7,11,3,1,2,22,12,12,1,27,39,1,20,27,37,10,180,2,33,18,11,1,1,50,12,95,58,1,1
2018-05-27,2,61,18,40,7,10,4,1,4,41,3,20,1,30,37,1,28,41,44,13,199,5,40,23,13,2,1,59,6,102,70,1,1
2018-06-03,2,62,7,34,7,4,5,1,4,76,2,17,2,44,21,1,42,31,35,8,179,3,33,25,9,2,1,52,3,100,71,1,2
2018-06-10,2,76,13,34,7,5,4,1,10,87,4,21,2,36,31,1,20,23,45,12,184,3,46,16,14,2,1,49,6,99,74,1,2
2018-06-17,2,68,3,50,7,13,2,1,5,96,6,23,2,42,42,1,28,23,29,24,176,1,27,14,13,3,1,61,4,89,71,1,3
2018-06-24,2,69,6,39,7,3,1,1,4,53,1,19,1,38,32,2,23,29,20,15,128,7,47,11,12,3,1,37,2,76,57,1,1
2018-07-01,2,81,12,60,7,8,1,1,5,65,2,24,1,67,39,2,21,29,25,32,126,5,31,7,23,3,1,55,11,78,75,1,1
2018-07-08,2,80,13,77,7,9,2,1,7,56,5,34,2,66,25,2,33,42,17,25,112,4,56,11,6,4,1,61,6,84,47,1,1
2018-07-15,3,80,21,61,7,13,2,1,4,49,2,26,2,87,34,2,30,30,23,45,111,1,69,12,4,5,1,62,12,68,40,1,1
2018-07-22,2,53,10,61,7,12,1,1,5,57,2,25,3,75,26,1,26,34,18,29,110,2,54,9,8,1,1,45,13,67,49,1,1
2018-07-29,3,75,14,59,7,9,1,1,1,37,1,38,1,96,24,1,33,13,19,39,101,1,78,7,11,3,1,53,12,71,54,1,1
2018-08-05,2,65,16,82,7,10,2,1,2,37,2,34,2,94,31,1,28,22,13,44,119,1,95,15,14,3,1,46,15,51,47,1,1
2018-08-12,1,49,14,59,7,15,3,1,4,29,3,33,1,135,16,2,20,18,19,29,102,1,86,9,11,3,1,45,12,50,41,1,1
2018-08-19,2,82,23,64,7,14,4,1,2,25,2,42,3,140,17,1,35,20,18,43,92,1,82,14,10,3,1,62,12,69,37,1,1
2018-08-26,2,81,16,45,7,23,1,1,1,18,1,38,1,152,18,2,33,23,16,44,102,1,96,9,9,2,1,68,10,53,40,1,1
2018-09-02,3,73,16,58,7,16,2,1,1,21,2,50,3,104,10,1,21,8,11,41,80,1,87,10,9,1,1,83,12,65,36,1,1
2018-09-09,3,81,16,71,7,25,1,1,1,32,2,45,1,125,13,1,25,8,10,51,77,1,104,4,16,2,1,68,10,55,31,1,1
2018-09-16,2,113,12,63,7,46,2,1,2,19,2,46,1,128,10,1,15,12,12,49,71,2,128,6,6,5,1,69,23,55,37,1,1
2018-09-23,2,115,10,79,7,26,2,1,2,20,1,56,1,126,16,1,17,11,16,44,65,3,116,13,3,6,1,70,20,52,40,1,1
2018-09-30,1,102,8,76,7,42,1,1,3,21,2,63,1,153,13,1,20,9,9,63,89,7,165,9,8,4,1,90,26,46,27,1,1
2018-10-07,1,106,18,75,7,53,1,1,2,15,2,74,1,164,10,1,16,15,7,65,76,3,156,4,4,3,1,73,16,27,32,1,1
2018-10-14,1,112,16,89,7,59,1,2,3,21,3,80,1,143,18,1,23,11,15,77,80,6,188,15,13,3,1,89,16,47,31,1,1
2018-10-21,2,112,18,101,7,46,1,1,5,15,2,94,1,127,21,1,26,5,21,88,73,2,201,11,6,5,1,83,45,56,40,1,1
2018-10-28,4,81,18,94,7,64,1,1,5,9,1,88,5,156,14,1,29,11,21,94,83,3,225,17,6,3,1,76,30,66,28,1,1
2018-11-04,2,79,20,115,7,72,5,2,5,12,4,96,3,145,25,1,34,10,17,108,90,3,250,21,2,4,1,78,37,57,37,1,1
2018-11-11,3,70,23,127,7,58,2,2,4,11,4,117,4,137,24,1,44,21,25,95,84,4,211,10,7,7,1,72,25,53,28,1,1
2018-11-18,2,118,18,161,7,81,6,1,5,18,5,106,1,138,14,1,27,14,19,122,88,2,268,27,8,5,1,88,38,77,33,1,1
2018-11-25,2,96,16,123,7,88,5,2,3,19,3,103,2,154,20,1,46,19,22,106,74,2,286,21,4,5,1,61,38,91,36,1,1
2018-12-02,1,95,20,149,7,91,5,3,5,20,3,104,2,142,34,1,54,25,38,154,95,3,285,22,7,13,1,61,38,88,33,1,1
2018-12-09,2,111,11,156,7,116,5,1,5,11,6,132,2,153,29,1,57,17,42,176,104,4,295,27,3,13,1,91,51,85,41,1,1
2018-12-16,6,108,10,133,7,126,9,1,5,18,7,95,2,144,27,1,48,15,38,168,133,2,241,22,6,10,1,64,32,90,28,1,1
2018-12-23,4,99,18,103,7,98,9,1,7,17,3,142,2,133,21,2,57,7,48,127,134,2,281,38,7,8,1,58,23,104,35,1,1
2018-12-30,1,115,21,109,7,77,2,2,6,15,3,110,4,150,44,2,55,10,52,160,120,3,237,46,14,10,1,73,50,119,53,1,1
2019-01-06,4,114,18,104,7,83,8,2,6,35,2,103,2,156,52,1,52,6,72,123,148,4,203,38,5,2,1,79,53,114,44,1,1
2019-01-13,4,105,15,122,7,79,5,1,5,26,4,102,2,146,35,1,50,10,74,137,155,13,206,41,8,4,1,63,59,113,47,1,1
2019-01-20,4,89,20,93,7,87,18,1,3,17,8,100,3,140,38,1,45,7,68,116,156,7,251,51,12,3,1,92,70,130,49,1,1
2019-01-27,15,86,22,69,7,75,12,3,9,27,6,153,3,126,36,1,61,7,87,100,201,7,234,42,10,4,1,95,52,145,58,1,1
2019-02-03,3,74,21,57,7,57,21,3,5,25,8,127,4,119,38,1,38,5,114,63,260,5,200,54,3,4,1,88,70,142,58,1,1
2019-02-10,1,94,20,53,7,56,18,1,6,31,7,142,1,94,41,2,42,5,122,69,258,7,184,67,2,7,1,96,57,135,50,1,1
2019-02-17,13,73,29,33,7,53,14,2,3,57,5,137,2,78,46,4,48,12,155,106,335,8,201,84,9,4,2,110,54,129,60,1,2
2019-02-24,23,83,19,32,7,44,19,2,8,57,5,109,4,72,46,6,39,13,171,73,329,8,196,70,10,7,2,117,58,150,55,1,2
2019-03-03,8,70,20,31,7,45,19,6,7,57,7,122,2,57,48,14,33,11,179,68,295,13,210,76,4,7,2,132,52,183,54,1,2
2019-03-10,12,64,26,24,7,36,22,9,3,57,7,116,3,62,70,13,21,11,213,37,406,11,192,75,5,8,2,117,46,195,56,1,1
2019-03-17,29,59,28,18,7,15,19,3,6,60,12,81,1,56,62,9,18,6,191,47,370,6,187,58,6,5,1,122,38,218,65,2,2
2019-03-24,34,71,24,18,7,20,21,5,5,89,7,75,2,39,63,6,19,8,199,50,388,7,174,69,2,5,1,141,33,226,44,7,2
2019-03-31,26,64,30,25,7,30,19,3,5,101,11,86,2,39,74,8,21,19,202,48,483,4,164,55,2,4,1,127,50,240,69,2,8
2019-04-07,23,61,34,16,7,29,17,2,4,110,14,64,3,33,55,6,13,9,187,36,434,6,135,74,1,4,1,153,27,241,47,2,7
2019-04-14,23,74,38,9,7,25,16,4,10,111,14,57,1,38,60,8,13,17,264,27,457,12,135,60,3,2,1,151,34,234,48,6,6
2019-04-21,18,100,42,27,7,42,17,8,8,143,6,65,4,43,74,18,11,19,263,40,584,11,105,40,5,4,1,212,36,316,80,5,7
2019-04-28,24,105,46,24,7,31,23,9,20,169,15,92,7,43,76,7,9,15,310,43,608,15,126,47,5,6,1,232,31,319,61,8,10
2019-05-05,29,100,68,15,7,22,36,10,16,191,12,88,4,54,66,14,10,29,311,29,579,12,127,50,5,7,1,238,35,277,75,7,6
2019-05-12,30,116,91,16,7,37,41,13,21,207,11,92,7,52,74,7,16,26,328,25,561,15,118,43,7,9,1,227,47,296,78,4,10
2019-05-19,13,129,83,17,7,39,29,13,17,270,10,113,6,40,86,3,11,16,368,47,633,18,137,48,6,7,1,285,53,276,79,5,15
2019-05-26,10,124,134,21,7,57,23,12,26,241,9,110,2,51,101,4,5,18,359,61,639,24,123,38,9,9,1,245,65,258,83,1,13
2019-06-02,27,156,121,24,7,73,36,13,24,246,9,155,2,63,76,4,16,31,342,59,569,12,105,54,10,9,1,278,72,273,76,3,19
2019-06-09,17,145,112,31,7,82,26,17,20,301,8,176,3,74,75,3,7,27,332,97,561,20,96,39,6,7,1,271,98,299,86,7,31
2019-06-16,12,130,110,18,7,60,13,17,21,272,10,154,4,86,74,2,4,14,316,120,585,13,109,32,4,12,1,292,145,291,90,5,25
2019-06-23,15,125,112,41,7,89,14,29,19,239,9,192,3,88,75,1,10,22,259,131,501,15,81,25,13,11,1,232,172,259,75,5,24
2019-06-30,31,156,114,62,7,125,18,24,33,308,12,205,4,122,82,1,11,22,412,118,550,21,107,30,3,7,2,302,213,349,98,3,33
2019-07-07,25,132,89,69,7,101,16,19,33,260,5,192,7,123,80,1,12,14,342,121,461,5,110,21,9,5,1,261,218,347,91,4,22
2019-07-14,18,130,68,52,7,130,23,16,25,218,9,200,1,121,93,1,5,19,328,103,419,10,93,25,15,12,1,277,212,316,114,6,19
2019-07-21,35,110,54,42,7,128,15,16,24,195,5,162,6,111,73,1,8,15,274,96,361,5,106,18,8,6,1,300,222,315,91,5,16
2019-07-28,30,116,29,57,7,112,21,15,24,144,5,183,5,108,61,1,10,11,250,91,296,1,104,14,13,9,1,256,194,351,123,6,8
2019-08-04,24,114,29,60,7,137,30,8,47,121,6,150,7,125,66,1,9,9,245,95,293,8,86,13,12,11,1,252,206,393,128,2,11
2019-08-11,26,99,20,72,7,106,25,11,17,98,5,125,5,113,63,1,6,10,220,48,242,12,84,9,10,15,1,143,216,346,123,11,7
2019-08-18,36,107,22,44,7,135,21,13,26,88,3,117,2,118,70,1,9,7,179,73,211,12,93,7,11,7,2,189,211,333,133,3,6
2019-08-25,36,115,22,31,7,109,12,10,24,81,6,119,3,89,78,1,7,3,210,70,268,16,70,9,9,17,2,214,242,327,138,6,6
2019-09-01,50,106,41,48,7,136,11,6,29,60,7,124,6,117,70,1,6,6,204,52,255,6,119,16,10,14,3,223,205,421,152,19,3
2019-09-08,50,94,22,43,7,104,11,11,21,77,4,124,9,87,58,2,10,2,202,58,254,10,85,15,14,9,3,232,203,393,156,18,17
2019-09-15,72,108,21,51,7,129,8,9,16,65,7,147,8,124,51,1,4,6,154,56,208,6,70,10,17,10,2,232,193,388,187,10,8
2019-09-22,59,104,14,42,7,93,5,5,35,49,7,144,11,88,45,1,1,3,158,34,185,9,71,16,12,7,1,210,214,346,173,4,4
2019-09-29,84,89,15,72,7,112,11,6,32,61,8,152,13,105,51,1,1,1,154,50,180,9,56,20,16,10,1,205,214,342,205,12,5
2019-10-06,95,88,13,82,7,167,14,6,22,60,5,145,3,102,55,1,12,3,138,57,200,6,73,11,8,11,1,211,164,315,163,6,2
2019-10-13,126,77,8,82,7,158,13,5,30,55,7,156,5,97,80,1,7,4,176,65,186,3,67,16,12,9,2,221,155,321,196,2,5
2019-10-20,123,90,7,114,7,194,1,4,35,69,6,165,3,110,58,1,12,5,158,49,179,4,71,18,10,9,2,215,181,358,195,2,1
2019-10-27,99,63,16,164,7,199,5,8,33,77,11,183,2,99,78,1,15,5,149,58,224,10,81,13,15,6,2,182,153,397,218,1,2
2019-11-03,89,79,11,163,7,258,12,5,30,82,11,209,2,105,78,1,17,5,168,58,237,10,92,15,7,15,1,178,190,419,266,2,4
2019-11-10,48,61,14,174,7,218,10,6,36,70,11,214,6,117,88,2,16,8,135,54,198,9,98,12,6,16,2,178,167,402,294,1,8
2019-11-17,23,75,6,216,7,204,13,6,42,54,8,191,5,116,82,1,21,4,177,65,208,14,61,16,14,8,2,186,113,414,324,2,3
2019-11-24,30,68,10,198,7,194,12,12,50,56,9,141,4,85,81,1,25,3,168,50,210,7,78,14,17,11,2,177,141,354,324,3,2
2019-12-01,21,72,10,245,7,212,6,6,59,48,11,182,3,138,81,1,21,3,173,55,207,9,60,17,10,19,3,162,141,397,406,4,2
2019-12-08,28,89,2,272,7,204,4,6,74,24,14,172,3,128,70,1,31,2,201,59,158,18,99,26,11,19,3,177,163,363,411,1,2
2019-12-15,24,69,9,236,7,185,6,5,70,31,8,181,3,87,91,1,22,2,213,66,106,20,68,17,15,14,1,115,143,311,557,1,2
2019-12-22,14,81,4,222,7,158,3,10,74,24,9,199,1,114,72,1,31,2,210,47,99,16,63,20,22,17,1,123,131,315,548,3,2
2019-12-29,25,86,9,236,7,155,6,8,66,27,14,175,3,148,98,1,38,3,293,71,160,7,72,26,24,21,3,127,138,371,679,7,2
2020-01-05,14,108,10,272,7,179,12,22,93,34,26,158,5,153,133,2,35,7,322,41,163,8,60,22,22,18,2,148,137,414,802,7,2
2020-01-12,8,118,6,233,7,135,17,15,121,20,25,175,7,149,139,1,40,5,357,50,126,11,52,18,13,12,1,145,135,468,1001,18,1
2020-01-19,9,93,10,188,7,96,7,15,115,24,21,171,4,166,101,1,21,3,340,32,121,15,57,17,18,14,7,149,148,392,1084,13,1
2020-01-26,8,90,15,149,7,112,15,13,104,37,32,150,6,152,84,1,35,8,380,31,167,11,48,12,17,12,2,172,116,377,1289,4,1
2020-02-02,11,103,13,137,7,83,21,15,121,24,31,154,7,87,128,3,32,7,360,33,153,17,54,29,18,15,2,135,118,378,1414,6,1
2020-02-09,10,101,8,109,7,65,32,10,108,39,46,109,4,92,139,2,25,7,397,25,118,12,43,21,17,17,3,149,101,328,1287,4,1
2020-02-16,6,87,5,71,7,46,16,13,113,53,26,95,8,95,130,2,28,7,357,40,128,13,48,14,12,18,2,95,80,306,1311,2,1
2020-02-23,8,76,3,69,7,42,19,14,108,35,38,81,14,69,126,1,21,6,354,27,97,12,48,20,22,19,2,118,60,284,1350,1,1
2020-03-01,4,82,5,47,7,37,17,14,100,58,57,70,6,57,125,1,14,3,348,32,125,12,36,21,16,12,2,144,56,273,1460,1,2
2020-03-08,7,54,12,30,7,25,12,9,80,37,41,64,9,51,87,1,13,3,276,23,85,18,39,27,14,20,1,118,44,250,1431,1,2
2020-03-15,4,33,10,20,7,15,14,4,74,31,30,44,7,28,57,1,3,2,171,21,54,5,13,19,11,6,1,76,19,142,927,1,2
2020-03-22,3,31,10,16,7,7,9,8,59,19,26,14,6,25,57,1,6,2,176,18,51,12,19,20,6,15,2,62,13,111,897,1,2
2020-03-29,3,33,11,18,7,11,14,5,40,8,33,31,8,11,76,1,9,1,140,19,32,5,22,27,4,20,2,73,11,115,904,1,1
2020-04-05,4,32,4,11,7,13,17,11,45,31,46,19,11,12,120,1,6,2,128,11,49,9,27,24,5,7,1,71,10,129,755,1,1
2020-04-12,4,24,10,16,7,5,17,6,41,15,32,21,20,9,126,1,3,2,134,14,37,7,15,31,10,15,2,74,18,115,764,1,1
2020-04-19,4,43,2,12,7,10,27,11,34,21,37,14,8,3,120,1,7,3,113,9,42,7,19,28,6,14,2,93,8,114,748,1,1
2020-04-26,4,24,7,12,7,10,7,3,42,22,50,16,16,5,105,2,4,2,107,14,43,11,17,27,5,16,1,77,19,113,669,1,2
2020-05-03,3,38,2,13,7,3,10,9,34,31,49,21,19,13,132,2,5,2,116,4,38,12,22,35,14,13,1,103,9,122,602,1,2
2020-05-10,2,50,6,13,7,11,15,21,49,15,61,12,12,9,113,3,3,2,110,15,40,3,23,25,11,18,1,112,10,120,616,1,2
2020-05-17,2,37,5,10,7,10,13,16,30,14,56,33,15,17,121,2,3,1,124,12,41,6,24,38,12,15,2,104,15,91,568,1,2
2020-05-24,1,37,12,11,7,3,16,13,27,18,60,24,21,4,88,2,2,1,108,11,36,8,22,34,4,14,2,97,8,96,448,1,1
2020-05-31,1,39,12,12,7,11,12,25,30,28,58,21,77,9,77,1,2,2,105,11,44,10,21,17,10,17,2,100,15,107,458,1,2
2020-06-07,1,40,12,6,7,15,9,22,14,17,39,17,48,12,70,1,3,3,86,13,32,6,14,18,9,12,1,75,11,95,365,1,2
2020-06-14,1,41,13,5,7,9,8,18,15,23,28,17,30,16,68,2,3,5,90,7,35,11,13,18,10,14,1,78,12,64,410,1,1
2020-06-21,2,31,8,6,7,11,13,16,13,17,20,16,38,8,58,2,1,3,95,9,17,6,18,23,10,7,1,52,8,68,332,1,1
2020-06-28,2,53,9,3,7,17,7,20,23,19,27,4,28,17,60,2,1,1,104,6,33,9,29,25,12,11,1,65,10,81,363,1,1
2020-07-05,3,42,12,3,7,15,2,21,9,22,25,18,29,15,58,2,1,1,108,10,39,7,21,14,7,10,1,46,7,62,290,1,1
2020-07-12,3,19,5,3,7,9,8,12,7,28,15,22,20,4,56,2,3,2,73,2,28,13,20,9,11,3,1,53,7,69,285,1,1
2020-07-19,2,22,6,10,7,19,3,7,8,20,12,23,27,4,36,1,2,4,57,8,44,4,16,12,7,13,1,36,3,48,298,1,2
2020-07-26,2,19,1,7,7,15,3,8,5,16,9,29,14,12,37,1,1,2,67,5,34,4,5,13,5,12,1,37,12,61,249,1,3
2020-08-02,2,16,8,15,7,23,3,8,7,16,14,26,21,5,37,1,1,2,61,13,23,11,13,6,15,4,1,38,10,60,255,1,2
2020-08-09,1,19,5,10,7,24,2,10,2,17,9,20,11,6,32,1,1,1,37,5,28,10,6,13,8,9,1,25,9,58,263,1,1
2020-08-16,1,20,7,26,7,30,8,10,4,11,12,15,10,4,41,1,2,1,51,4,26,11,8,12,9,6,1,19,12,43,236,1,1
2020-08-23,1,31,5,17,7,36,10,10,4,13,12,18,6,5,41,2,2,1,47,5,25,2,11,5,15,5,1,27,10,52,242,1,2
2020-08-30,1,25,6,17,7,24,5,6,4,20,11,14,6,7,35,6,2,3,44,8,29,10,6,4,10,4,1,22,8,51,240,1,2
2020-09-06,1,22,1,15,7,40,3,7,5,13,9,12,10,15,42,1,1,2,24,5,29,12,21,4,10,7,1,20,11,58,225,1,1
2020-09-13,1,29,5,21,7,38,1,9,7,8,8,13,6,10,46,3,1,1,44,11,22,10,15,10,10,3,1,22,7,60,231,1,1
2020-09-20,1,23,2,23,7,70,3,4,9,16,7,20,9,15,41,2,1,4,33,20,20,9,10,8,5,4,2,22,16,52,219,1,2
2020-09-27,4,19,2,37,7,79,5,5,1,19,6,19,11,6,36,1,1,1,34,22,30,10,8,5,9,10,3,12,11,49,179,1,3
2020-10-04,1,15,5,30,7,82,12,1,4,14,12,23,10,11,29,1,1,1,31,20,18,18,21,8,5,7,2,24,15,60,192,1,2
2020-10-11,2,22,6,35,7,60,12,2,5,14,8,17,3,22,48,1,1,1,32,29,25,16,17,12,6,6,1,22,10,61,202,1,1
2020-10-18,2,16,3,33,7,73,7,5,4,18,3,17,11,9,52,1,1,1,25,25,23,5,18,18,9,4,1,20,12,56,199,1,2
2020-10-25,2,18,4,28,7,60,10,4,2,14,4,22,4,9,29,1,2,1,21,33,19,6,15,19,9,5,1,29,14,50,199,1,2
2020-11-01,4,14,2,33,7,75,2,1,7,15,10,28,9,14,36,1,3,1,35,31,17,5,21,39,7,9,1,11,17,42,196,1,3
2020-11-08,2,26,3,53,7,77,2,2,2,12,8,24,8,12,41,1,4,1,25,27,15,8,11,26,3,8,2,17,20,27,172,1,2
2020-11-15,1,24,4,37,7,70,8,4,2,10,9,14,6,15,58,1,4,1,25,36,21,6,12,26,7,6,2,23,14,40,178,1,1
2020-11-22,2,20,9,50,7,76,4,3,2,12,10,12,5,4,50,1,1,2,26,34,23,11,17,34,7,6,2,10,12,29,163,1,1
2020-11-29,5,21,4,70,7,69,6,2,7,11,9,18,4,11,32,1,3,2,33,38,17,15,13,38,7,4,2,17,15,51,193,1,1
2020-12-06,4,27,3,69,7,72,2,2,4,12,12,23,2,6,26,1,5,2,30,23,26,7,14,39,8,5,2,19,17,49,192,1,2
2020-12-13,13,26,4,91,7,90,1,3,5,10,8,31,2,14,30,1,1,2,25,29,29,2,12,44,4,2,4,18,10,45,170,1,1
2020-12-20,8,18,2,97,7,77,1,2,5,11,9,20,9,12,26,1,2,1,21,29,21,1,12,34,2,5,4,23,13,30,187,1,2
2020-12-27,3,21,7,101,7,72,3,1,8,6,7,19,4,22,17,1,3,1,27,33,19,7,18,28,1,2,3,16,13,34,163,1,2
2021-01-03,5,16,2,82,7,96,4,1,9,10,9,16,3,12,19,1,3,1,15,28,15,8,11,27,1,1,3,8,10,27,219,1,2
2021-01-10,3,28,3,68,7,74,13,2,6,11,7,14,7,14,19,1,2,1,21,44,24,15,12,34,5,1,3,15,8,28,189,1,2
2021-01-17,3,19,2,43,7,88,2,1,7,3,11,19,3,16,14,2,4,1,12,31,19,12,20,23,1,5,2,10,12,26,217,1,1
2021-01-24,3,14,2,48,7,68,11,3,7,9,12,13,7,11,15,4,3,2,16,19,16,9,15,28,1,6,4,11,19,34,260,1,1
2021-01-31,6,22,1,48,7,67,8,3,8,9,8,15,11,7,11,1,2,2,33,37,14,7,14,35,6,5,2,10,15,26,239,1,1
2021-02-07,5,22,5,32,7,71,5,3,6,4,18,19,5,16,24,1,2,2,33,27,28,11,17,37,4,1,1,24,8,16,231,1,2
2021-02-14,2,23,4,44,7,75,8,1,12,9,11,17,6,20,17,1,3,2,18,28,26,12,27,40,5,4,3,13,11,25,233,1,1
2021-02-21,6,24,5,26,7,54,6,1,15,9,14,22,8,13,21,1,1,2,29,25,20,9,18,54,1,5,3,8,13,28,247,1,1
2021-02-28,17,29,3,31,7,54,7,1,12,9,8,25,6,24,17,1,1,2,33,28,25,8,29,50,4,3,5,14,15,26,232,1,1
2021-03-07,8,26,4,19,7,35,10,1,9,5,10,14,8,15,14,1,3,2,29,24,20,10,19,39,3,1,4,12,12,23,226,1,1
2021-03-14,5,20,5,20,7,34,7,3,16,8,14,19,5,10,12,1,2,1,20,18,16,9,20,47,2,2,2,11,7,21,214,1,1
2021-03-21,6,11,6,19,7,26,4,2,13,5,16,18,12,9,14,1,2,1,21,15,16,12,22,38,2,2,2,13,13,26,209,1,1
2021-03-28,11,16,3,18,7,32,6,2,17,10,9,17,10,6,14,1,2,3,22,12,23,7,22,32,3,1,3,11,5,21,190,1,1
2021-04-04,5,28,2,15,7,21,4,2,9,11,6,21,9,9,12,1,2,3,26,12,28,8,30,25,2,6,2,17,7,36,220,1,1
2021-04-11,3,14,6,11,7,25,7,2,11,14,13,17,7,10,21,1,1,2,18,13,38,9,30,37,3,4,2,21,6,34,197,1,1
2021-04-18,5,16,6,13,7,13,10,3,12,22,18,25,9,9,16,1,1,2,19,9,42,8,25,22,4,2,2,19,8,37,141,1,1
2021-04-25,10,12,7,4,7,10,11,1,10,15,9,14,6,13,18,1,1,1,22,18,38,6,25,25,1,2,2,23,5,46,135,1,1
2021-05-02,10,13,10,11,7,15,3,2,12,20,24,17,5,17,17,1,2,1,26,13,30,7,19,26,6,2,1,19,8,41,128,1,1
2021-05-09,7,22,3,9,7,6,8,4,9,20,34,22,12,23,6,1,2,1,21,27,39,4,37,47,3,1,1,15,13,36,136,1,2
2021-05-16,4,16,1,13,7,17,12,1,12,16,26,16,23,21,6,1,1,1,27,15,46,15,31,23,2,1,2,8,10,59,170,1,2
2021-05-23,9,12,6,11,7,27,11,2,6,24,19,13,16,23,15,1,3,1,19,19,45,27,32,31,2,1,3,18,8,47,136,1,2
2021-05-30,4,16,8,12,7,19,7,2,13,14,23,16,16,22,11,4,2,1,23,29,59,35,41,23,4,5,4,14,9,51,157,1,3
2021-06-06,2,21,4,7,7,19,5,1,10,17,24,31,6,22,17,2,4,1,31,26,46,38,39,28,5,3,2,13,11,38,148,1,2
2021-06-13,8,19,8,14,7,17,5,2,8,15,27,16,10,22,7,2,2,1,18,20,31,41,29,24,5,1,1,16,18,41,161,1,1
2021-06-20,5,19,5,16,7,28,2,2,5,23,14,24,7,26,12,2,4,1,11,27,21,27,32,27,5,1,1,10,16,34,189,1,5
2021-06-27,3,27,10,25,7,34,4,2,5,19,21,33,13,44,10,1,1,1,17,20,39,19,51,17,5,1,1,11,12,29,150,1,3
2021-07-04,7,17,6,35,7,45,3,4,7,16,11,41,16,53,16,1,5,2,16,28,28,23,41,18,5,1,2,11,21,31,121,1,1
2021-07-11,7,15,3,34,7,71,5,2,4,18,13,48,12,46,12,1,3,2,18,31,26,9,64,13,6,1,1,14,13,14,129,1,1
2021-07-18,4,23,6,35,7,81,1,1,2,17,10,37,18,48,4,1,5,2,24,32,27,12,58,9,5,1,2,16,12,14,183,1,2
2021-07-25,2,29,5,62,7,88,3,1,5,24,5,42,13,61,8,1,4,2,15,27,29,14,64,9,1,3,2,19,12,16,124,1,2
2021-08-01,4,29,6,70,7,133,3,1,2,27,4,57,7,52,21,1,4,2,16,30,19,12,47,10,5,3,1,17,22,22,171,1,2
2021-08-08,9,22,9,60,7,185,2,1,3,14,6,42,7,57,15,1,7,2,16,31,21,10,61,7,1,2,2,15,18,14,139,1,2
2021-08-15,4,31,6,98,7,149,3,2,4,19,9,61,13,55,14,1,6,2,15,32,30,5,65,12,1,1,1,18,27,16,146,1,2
2021-08-22,4,33,6,82,7,184,6,2,3,26,15,54,7,69,22,1,6,2,20,30,26,10,71,8,2,1,8,26,21,23,133,1,2
2021-08-29,5,24,9,133,7,231,5,1,3,17,7,64,4,74,14,1,8,2,16,47,19,14,82,7,4,1,4,16,27,27,148,1,2
2021-09-05,3,36,3,173,7,286,1,1,3,29,7,58,12,71,26,1,18,2,15,38,39,14,71,4,2,3,5,23,42,26,137,1,1
2021-09-12,3,22,6,184,7,259,2,1,2,31,10,73,10,84,43,1,14,2,6,51,24,7,72,7,1,1,6,19,40,16,144,1,1
2021-09-19,5,23,9,228,7,299,4,1,4,24,11,96,17,101,41,1,41,2,21,54,29,13,82,6,2,5,3,24,35,19,149,1,1
2021-09-26,4,33,3,273,7,298,5,1,7,21,19,68,10,112,44,1,53,1,10,66,18,16,111,8,2,2,8,24,52,19,123,1,1
2021-10-03,6,41,2,283,7,329,8,1,9,35,9,63,11,120,44,1,54,1,15,62,28,14,90,4,3,2,10,23,68,22,131,1,2
2021-10-10,3,39,3,330,7,357,4,2,5,20,9,69,6,111,42,1,71,1,12,65,24,14,92,11,1,5,11,32,77,35,154,1,2
2021-10-17,5,26,5,270,7,369,7,2,4,29,9,82,6,95,30,1,71,2,8,76,25,20,122,5,2,2,3,37,71,28,109,1,1
2021-10-24,6,35,4,320,7,483,6,1,5,18,9,73,6,102,32,2,53,2,19,64,17,12,97,4,4,2,4,30,56,24,107,1,1
2021-10-31,5,41,10,412,7,520,4,1,1,25,10,81,20,80,30,2,63,2,14,91,24,10,117,11,1,1,11,29,71,30,138,1,1
2021-11-07,8,36,5,587,7,498,6,4,4,46,9,64,9,109,25,1,62,1,27,71,34,8,108,7,3,4,5,23,55,34,131,1,1
2021-11-14,6,32,9,674,7,482,6,2,6,44,8,67,10,117,24,1,79,1,28,114,30,6,137,11,2,2,10,26,74,35,127,1,2
2021-11-21,8,30,3,609,7,496,1,2,10,42,6,59,4,94,16,1,76,2,17,67,20,17,122,10,5,3,8,24,42,25,132,1,2
2021-11-28,14,31,6,538,7,381,3,4,4,35,9,60,3,87,10,2,105,2,20,64,23,17,78,16,4,3,9,22,62,27,142,1,3
2021-12-05,13,36,4,521,7,315,7,3,9,45,11,59,5,104,6,2,104,1,34,77,35,7,101,18,2,3,10,20,44,26,124,1,1
2021-12-12,11,36,5,384,7,339,5,2,14,51,10,46,3,128,10,3,81,1,26,53,49,6,112,11,1,4,11,23,65,33,131,1,1
2021-12-19,9,18,5,417,7,275,4,2,7,59,8,50,7,110,14,1,83,1,40,40,41,6,93,13,1,3,14,18,53,34,150,1,1
2021-12-26,6,19,4,380,7,202,5,2,11,54,7,35,6,67,8,1,100,3,50,23,50,10,81,18,5,2,4,27,58,34,127,1,1
2022-01-02,7,18,5,281,7,118,4,2,7,45,16,47,5,63,9,1,80,2,25,26,45,12,69,12,3,3,7,13,36,32,84,1,1
2022-01-09,10,21,5,190,7,94,2,2,6,41,10,34,25,48,7,5,79,1,26,14,36,9,66,12,1,3,8,17,30,36,96,1,1
2022-01-16,8,20,7,197,7,90,1,2,10,49,5,38,23,32,8,3,64,1,29,26,51,6,59,24,1,2,12,15,35,33,97,1,1
2022-01-23,11,28,7,182,7,67,4,1,5,54,7,40,12,49,6,1,58,1,20,18,38,9,59,18,1,2,10,9,31,17,80,1,1
2022-01-30,14,24,4,184,7,80,3,4,5,73,7,34,11,63,2,1,63,2,31,25,44,8,54,18,2,4,6,15,41,35,83,1,1
2022-02-06,9,27,7,158,7,90,2,3,9,77,10,56,13,67,4,18,48,3,33,16,48,9,51,16,2,5,7,27,39,25,80,1,1
2022-02-13,7,22,7,118,7,70,1,2,8,82,11,44,11,37,5,16,52,3,23,15,49,13,49,27,2,4,5,11,39,24,75,1,1
2022-02-20,9,35,2,87,7,62,2,1,14,68,3,27,14,38,14,12,39,2,31,10,68,18,31,26,1,2,3,15,41,34,79,1,1
2022-02-27,12,26,5,91,7,70,2,1,23,88,3,38,6,42,3,1,57,1,24,18,74,23,34,27,1,2,6,19,37,23,77,1,1
2022-03-06,12,37,7,70,7,55,1,2,21,109,10,34,13,40,4,5,40,1,29,14,69,9,51,21,2,2,4,19,34,34,93,1,2
2022-03-13,15,29,6,63,7,46,8,3,22,105,10,44,4,39,7,10,36,1,21,5,100,20,43,18,2,1,1,24,49,32,75,1,2
2022-03-20,11,32,5,46,7,55,7,1,31,144,9,42,13,39,12,3,28,4,27,13,106,12,40,26,1,5,2,17,46,31,96,1,1
2022-03-27,16,39,7,44,7,60,3,3,41,158,12,28,7,27,10,1,35,3,40,15,120,17,44,22,1,1,5,24,64,47,90,1,1
2022-04-03,7,35,7,43,7,54,5,4,33,151,9,38,13,35,7,2,26,9,30,22,110,13,46,22,1,2,4,19,54,46,78,2,2
2022-04-10,10,39,10,21,7,63,2,2,25,148,7,36,10,32,6,4,29,6,28,11,132,8,45,15,1,2,4,26,44,32,83,2,1
2022-04-17,16,44,17,48,7,76,6,8,28,159,12,34,13,57,9,2,37,5,33,13,147,15,64,14,1,3,3,29,78,61,90,2,1
2022-04-24,15,34,21,24,7,86,7,7,27,169,8,60,11,55,15,1,18,4,28,16,188,21,53,20,3,5,2,27,71,43,94,2,1
2022-05-01,15,45,19,35,7,106,5,6,50,160,19,64,17,63,16,3,32,7,22,20,202,7,44,17,4,1,2,33,74,60,91,2,2
2022-05-08,9,46,23,44,7,126,10,4,36,203,14,82,14,84,8,2,38,5,35,34,234,8,45,11,2,1,2,41,105,49,85,2,2
2022-05-15,6,55,30,43,7,156,11,5,31,189,19,61,8,91,4,1,48,4,31,27,166,16,50,14,2,1,1,51,143,66,96,2,2
2022-05-22,13,54,49,70,7,243,4,1,44,186,8,66,21,97,10,1,32,12,23,29,162,21,48,7,2,1,1,40,155,60,87,2,3
2022-05-29,3,101,36,73,7,208,5,6,27,155,10,90,18,86,18,2,50,12,19,24,144,17,60,16,3,5,2,55,149,67,94,2,1
2022-06-05,14,60,52,77,7,154,4,2,30,161,9,94,12,94,6,3,51,11,26,27,165,13,46,7,3,4,2,49,143,62,66,2,2
2022-06-12,11,58,44,72,7,138,3,4,27,105,8,67,15,60,14,4,43,4,29,32,112,16,56,10,2,3,1,32,132,65,101,2,2
2022-06-19,6,66,69,88,7,157,5,8,16,92,9,68,28,75,5,4,53,9,17,23,111,8,44,10,2,3,1,38,108,65,77,2,2
2022-06-26,5,64,49,95,7,152,2,5,15,102,8,77,25,112,8,2,58,10,17,22,126,10,37,12,2,3,1,48,133,73,95,2,2
2022-07-03,8,57,44,123,7,168,5,2,25,78,11,83,33,121,9,1,58,10,11,37,134,9,29,9,4,2,1,35,120,75,94,2,1
2022-07-10,7,54,69,152,7,157,2,6,19,75,14,122,26,131,14,3,70,14,19,45,126,4,61,10,4,2,1,40,150,78,92,2,3
2022-07-17,9,59,50,194,7,174,3,6,29,54,10,96,22,137,11,1,57,9,22,37,114,11,63,8,3,2,1,35,176,77,88,2,4
2022-07-24,11,43,51,196,7,153,9,3,17,52,4,70,14,108,11,2,59,10,11,36,103,9,44,11,4,3,1,47,123,59,62,2,3
2022-07-31,8,53,46,236,7,169,6,10,10,49,9,76,19,140,4,1,64,17,22,35,95,15,64,8,4,2,1,46,138,62,77,2,4
2022-08-07,5,44,51,165,7,177,2,5,16,40,10,84,13,130,8,1,59,20,26,39,98,5,58,6,2,1,1,55,120,52,74,2,3
2022-08-14,7,48,43,194,7,178,9,8,12,38,4,102,18,132,12,2,55,21,21,53,96,19,63,2,1,3,1,53,126,73,77,2,3
2022-08-21,6,44,46,201,7,131,6,3,21,23,11,58,23,116,19,2,52,18,24,57,77,16,55,4,3,2,3,31,128,62,75,2,8
2022-08-28,9,45,49,216,7,162,4,5,15,35,6,80,24,115,18,2,57,16,19,37,89,12,46,2,1,1,2,48,121,77,94,2,2
2022-09-04,1,38,41,187,7,166,5,4,13,36,12,105,29,94,17,1,46,11,19,25,84,13,59,5,2,1,2,33,121,61,105,2,3
2022-09-11,2,37,37,223,7,126,2,1,10,18,9,61,15,81,13,3,44,14,13,26,90,11,46,7,2,2,2,36,106,65,64,2,1
2022-09-18,4,30,31,254,7,144,1,2,10,17,11,77,26,78,21,2,65,22,24,41,76,16,37,8,1,4,1,41,94,53,80,2,5
2022-09-25,4,36,28,221,7,137,1,5,6,34,16,83,19,78,14,2,68,18,14,24,80,17,62,4,3,6,2,41,90,74,66,2,4
2022-10-02,6,37,22,243,7,155,1,6,15,21,10,65,19,78,15,2,60,20,15,32,97,22,48,8,3,5,2,50,109,76,64,2,3
2022-10-09,3,24,14,274,7,161,3,4,21,23,6,75,28,82,23,2,69,16,9,26,81,15,49,6,5,2,2,32,86,99,67,2,3
2022-10-16,6,40,32,384,7,169,2,3,19,33,16,72,33,80,24,2,78,26,15,29,79,10,43,8,2,2,1,37,125,91,79,2,2
2022-10-23,16,35,27,325,7,185,3,1,23,18,13,67,37,86,20,2,85,24,8,45,77,12,35,6,3,3,1,51,130,79,81,2,1
2022-10-30,14,26,32,390,7,163,4,3,26,16,21,72,23,71,18,2,85,40,15,39,117,14,44,10,4,1,1,57,109,86,85,2,2
2022-11-06,13,42,27,400,7,147,4,1,14,27,15,73,13,84,19,2,90,18,17,24,96,13,47,7,3,3,1,59,80,97,85,1,2
2022-11-13,8,39,25,486,7,256,4,3,15,37,8,56,14,80,20,1,89,30,13,36,102,15,44,15,1,2,1,55,84,97,95,1,1
2022-11-20,8,36,29,452,7,232,3,3,21,27,19,67,22,54,29,1,91,31,24,41,117,10,44,15,3,2,1,58,78,110,80,1,1
2022-11-27,12,24,34,496,7,172,3,6,24,18,12,53,15,63,25,1,103,41,17,47,95,9,48,14,3,2,1,41,84,107,72,3,1
2022-12-04,10,26,28,532,7,197,3,4,20,25,10,49,22,75,31,1,129,31,25,47,98,10,50,12,4,2,1,46,90,113,85,3,1
2022-12-11,10,24,22,538,7,176,6,4,18,16,18,60,23,55,37,1,148,27,29,33,111,5,28,14,3,2,1,40,102,84,63,2,2
2022-12-18,11,28,27,506,7,169,5,1,19,13,7,52,12,61,52,1,138,22,25,45,89,1,48,7,1,1,1,58,101,112,55,2,7
2022-12-25,8,30,15,449,7,166,5,3,24,12,16,32,12,78,39,1,116,16,27,32,97,6,49,12,2,1,1,61,110,119,61,3,7
